,종가,시가,고가,저가,거래량,개인순매수,외국인순매수,기관순매수,외국인보유,기관보유량,전일비,변화
2020-06-05,18550.0,18200.0,18550.0,18000.0,19180.0,-816,855,-39,0.1704,40799,450.0,RISE
2020-06-04,18100.0,17950.0,18300.0,17950.0,15936.0,3185,-465,-2720,0.1703,40838,150.0,RISE
2020-06-03,17950.0,17800.0,18150.0,17800.0,17810.0,3406,1446,-4852,0.1703,43558,150.0,RISE
2020-06-02,17800.0,17700.0,17800.0,17500.0,8011.0,387.0,1196.0,-1583.0,0.1701,48563.0,100.0,RISE
2020-06-01,17700.0,17500.0,17800.0,17500.0,6201.0,896.0,263.0,-1159.0,0.1699,50146.0,200.0,RISE
2020-05-29,17500.0,17500.0,17700.0,17250.0,4445.0,-153.0,154.0,-1.0,0.1698,51305.0,50.0,RISE
2020-05-28,17450.0,17700.0,17800.0,17350.0,11545.0,-1999.0,2017.0,-18.0,0.1698,51306.0,50.0,FALL
2020-05-27,17500.0,17550.0,17650.0,17200.0,8461.0,325.0,1426.0,-1751.0,0.1695,51324.0,0.0,EVEN
2020-05-26,17500.0,17700.0,17750.0,17200.0,15703.0,-158.0,1580.0,-1422.0,0.1692,53075.0,150.0,RISE
2020-05-25,17350.0,17650.0,17650.0,17200.0,11664.0,-539.0,2892.0,-2353.0,0.16899999999999998,54497.0,300.0,FALL
2020-05-22,17650.0,17900.0,17950.0,17500.0,5366.0,1500.0,-346.0,-1154.0,0.1685,56850.0,150.0,FALL
2020-05-20,17800.0,17900.0,17900.0,17800.0,2472.0,91.0,-127.0,36.0,0.1686,42417.0,100.0,FALL
2020-05-19,17900.0,17800.0,18000.0,17200.0,10985.0,2318.0,129.0,-2447.0,0.1686,42381.0,300.0,RISE
2020-05-18,17600.0,17500.0,17800.0,16800.0,16533.0,-445.0,1626.0,-1181.0,0.1686,44828.0,200.0,FALL
2020-05-15,17800.0,17450.0,17950.0,17450.0,2684.0,-121.0,272.0,-151.0,0.1683,46009.0,100.0,RISE
2020-05-14,17700.0,18200.0,18200.0,17550.0,4157.0,-24.0,-381.0,405.0,0.1683,46160.0,150.0,FALL
2020-05-13,17850.0,18100.0,18100.0,17650.0,5930.0,1047.0,68.0,-1115.0,0.1683,45755.0,350.0,FALL
2020-05-12,18200.0,19000.0,19000.0,18000.0,6724.0,2208.0,-982.0,-1226.0,0.1683,46870.0,550.0,FALL
2020-05-11,18750.0,19000.0,19150.0,18600.0,10432.0,1878.0,-595.0,-1283.0,0.1685,48096.0,50.0,FALL
2020-05-08,18800.0,18600.0,18800.0,18500.0,6938.0,3551.0,-539.0,-3012.0,0.1686,49379.0,450.0,RISE
2020-05-07,18350.0,18400.0,18500.0,18300.0,2092.0,40.0,-51.0,11.0,0.1687,52391.0,150.0,FALL
2020-05-06,18500.0,18600.0,18600.0,18200.0,9500.0,1665.0,-379.0,-1286.0,0.1687,52380.0,450.0,RISE
2020-05-04,18050.0,17850.0,18150.0,17450.0,15406.0,-3631.0,1403.0,2228.0,0.1687,53666.0,300.0,RISE
2020-04-29,17750.0,17700.0,17800.0,17550.0,5537.0,-1576.0,1614.0,-38.0,0.1685,51438.0,200.0,RISE
2020-04-28,17550.0,17700.0,17750.0,17400.0,15152.0,1343.0,92.0,-1435.0,0.1682,51476.0,150.0,FALL
2020-04-27,17700.0,17450.0,17850.0,17200.0,6654.0,369.0,829.0,-1198.0,0.1682,52911.0,50.0,RISE
2020-04-24,17650.0,17300.0,17700.0,17200.0,6852.0,-333.0,332.0,1.0,0.1681,54109.0,350.0,RISE
2020-04-23,17300.0,17200.0,17400.0,17000.0,9298.0,-323.0,2230.0,-1907.0,0.168,54108.0,300.0,RISE
2020-04-22,17000.0,17000.0,17150.0,16650.0,10187.0,-422.0,428.0,-6.0,0.1674,56015.0,100.0,FALL
2020-04-21,17100.0,17150.0,17200.0,16600.0,16540.0,971.0,-970.0,-1.0,0.1673,56021.0,50.0,FALL
2020-04-20,17150.0,17250.0,17250.0,16900.0,9538.0,-27.0,60.0,-33.0,0.1675,56022.0,50.0,RISE
2020-04-17,17100.0,16600.0,17300.0,16600.0,15903.0,1842.0,-272.0,-1570.0,0.1675,56055.0,550.0,RISE
2020-04-16,16550.0,16500.0,16550.0,16250.0,9843.0,1116.0,-1165.0,49.0,0.1675,57625.0,0.0,EVEN
2020-04-14,16550.0,16400.0,16650.0,16300.0,39278.0,-1196.0,677.0,519.0,0.1677,57576.0,150.0,RISE
2020-04-13,16400.0,16600.0,16700.0,16250.0,7761.0,-745.0,259.0,486.0,0.1676,57057.0,0.0,EVEN
2020-04-10,16400.0,16500.0,16700.0,16200.0,8006.0,-1213.0,1323.0,-110.0,0.1676,56571.0,50.0,RISE
2020-04-09,16350.0,16300.0,16500.0,16150.0,10000.0,1806.0,-1724.0,-82.0,0.1673,56681.0,150.0,RISE
2020-04-08,16200.0,16150.0,16250.0,15800.0,9380.0,-763.0,996.0,-233.0,0.1676,56763.0,50.0,RISE
2020-04-07,16150.0,16500.0,16550.0,15800.0,18998.0,6438.0,1145.0,-7583.0,0.1675,56996.0,350.0,RISE
2020-04-06,15800.0,15550.0,16350.0,15550.0,17286.0,1012.0,5301.0,-6313.0,0.1673,64579.0,150.0,RISE
2020-04-03,15650.0,15400.0,15900.0,15400.0,19044.0,7870.0,-4677.0,-3193.0,0.1664,70892.0,200.0,RISE
2020-04-02,15450.0,15250.0,15450.0,15050.0,5688.0,1479.0,-1479.0,0.0,0.1672,74085.0,150.0,RISE
2020-04-01,15300.0,15700.0,15700.0,15000.0,9751.0,2576.0,-1961.0,-615.0,0.1674,74085.0,0.0,EVEN
2020-03-31,15300.0,15450.0,15700.0,14950.0,15750.0,-53.0,1790.0,-1737.0,0.1678,74700.0,50.0,FALL
2020-03-30,15350.0,14550.0,15500.0,14300.0,16648.0,-3053.0,2377.0,676.0,0.1675,76437.0,450.0,RISE
2020-03-27,14900.0,14900.0,15300.0,14500.0,24458.0,-3764.0,4919.0,-1155.0,0.16699999999999998,75761.0,400.0,RISE
2020-03-26,14500.0,14600.0,14600.0,14000.0,50161.0,-2706.0,3799.0,-1093.0,0.1662,76916.0,100.0,FALL
2020-03-25,14600.0,13300.0,14900.0,13300.0,35270.0,1041.0,3600.0,-4641.0,0.1656,78009.0,1450.0,RISE
2020-03-24,13150.0,12500.0,13350.0,12500.0,16622.0,-569.0,833.0,-264.0,0.165,82650.0,550.0,RISE
2020-03-23,12600.0,12250.0,12850.0,12250.0,4561.0,533.0,-273.0,-260.0,0.1648,82914.0,550.0,FALL
2020-03-20,13150.0,12400.0,13500.0,12300.0,17345.0,6735.0,-4897.0,-1838.0,0.1649,83174.0,850.0,RISE
2020-03-19,12300.0,12950.0,13450.0,12050.0,42300.0,1023.0,-3417.0,2394.0,0.1667,85012.0,1000.0,FALL
2020-03-18,13300.0,13350.0,13900.0,13300.0,11959.0,-501.0,-129.0,630.0,0.1673,82618.0,150.0,FALL
2020-03-17,13450.0,13600.0,13900.0,13200.0,37585.0,6837.0,-6806.0,-31.0,0.1674,81988.0,500.0,FALL
2020-03-16,13950.0,14400.0,14850.0,13950.0,16118.0,3729.0,-2400.0,-1329.0,0.1685,82019.0,500.0,FALL
2020-03-13,14450.0,14050.0,14850.0,14050.0,46078.0,2584.0,469.0,-3053.0,0.1689,83348.0,1100.0,FALL
2020-03-12,15550.0,16250.0,16500.0,15500.0,28171.0,5428.0,-4298.0,-1130.0,0.1689,86401.0,1000.0,FALL
2020-03-11,16550.0,16650.0,17150.0,16500.0,7747.0,362.0,-678.0,316.0,0.1696,87531.0,50.0,FALL
2020-03-10,16600.0,16500.0,16800.0,16350.0,18013.0,1940.0,-402.0,-1538.0,0.1697,87215.0,300.0,FALL
2020-03-09,16900.0,18300.0,18300.0,16800.0,12041.0,487.0,-1397.0,910.0,0.1706,88753.0,700.0,FALL
2020-03-06,17600.0,17650.0,17950.0,17600.0,4300.0,1199.0,77.0,-1276.0,0.1709,87843.0,450.0,FALL
2020-03-05,18050.0,18300.0,18300.0,17850.0,2174.0,1010.0,-263.0,-747.0,0.1708,89119.0,50.0,FALL
2020-03-04,18100.0,17700.0,18200.0,17700.0,5394.0,1841.0,-349.0,-1492.0,0.1709,89866.0,400.0,RISE
2020-03-03,17700.0,18000.0,18150.0,17650.0,3177.0,1681.0,-467.0,-1214.0,0.171,91358.0,0.0,EVEN
2020-03-02,17700.0,17800.0,17800.0,17250.0,8040.0,2328.0,237.0,-2565.0,0.171,92572.0,250.0,RISE
2020-02-28,17450.0,17750.0,17950.0,17250.0,25594.0,10989.0,-3278.0,-7711.0,0.171,95137.0,300.0,FALL
2020-02-27,17750.0,18500.0,18500.0,17650.0,21678.0,15508.0,-11837.0,-3671.0,0.1715,102848.0,350.0,FALL
2020-02-26,18100.0,18000.0,18200.0,17950.0,9233.0,1701.0,-1960.0,259.0,0.1736,106519.0,200.0,FALL
2020-02-25,18300.0,18100.0,18700.0,18100.0,7473.0,1446.0,-1676.0,230.0,0.1739,106260.0,300.0,RISE
2020-02-24,18000.0,18850.0,18850.0,18000.0,14800.0,-213.0,-2539.0,2752.0,0.1742,106030.0,850.0,FALL
2020-02-21,18850.0,18650.0,19000.0,18550.0,4558.0,650.0,-482.0,-168.0,0.1746,103278.0,0.0,EVEN
2020-02-20,18850.0,19000.0,19050.0,18600.0,12476.0,68.0,541.0,-609.0,0.173,103446.0,50.0,FALL
2020-02-19,18900.0,19000.0,19150.0,18550.0,2838.0,-998.0,487.0,511.0,0.1729,104055.0,100.0,FALL
2020-02-18,19000.0,19050.0,19200.0,18800.0,7380.0,-2242.0,298.0,1944.0,0.1728,103544.0,50.0,FALL
2020-02-17,19050.0,19100.0,19150.0,18750.0,5373.0,-1184.0,198.0,986.0,0.1728,101600.0,50.0,RISE
2020-02-14,19000.0,19300.0,19300.0,18650.0,12244.0,6244.0,-2390.0,-3854.0,0.1727,100614.0,100.0,FALL
2020-02-13,19100.0,19200.0,19350.0,18950.0,2236.0,478.0,-200.0,-278.0,0.1731,104468.0,50.0,FALL
2020-02-12,19150.0,19150.0,19300.0,18900.0,2682.0,1156.0,-1040.0,-116.0,0.1732,104746.0,0.0,EVEN
2020-02-11,19150.0,18950.0,19150.0,18750.0,3532.0,674.0,-157.0,-517.0,0.1734,104862.0,200.0,RISE
2020-02-10,18950.0,19100.0,19100.0,18800.0,2010.0,-53.0,-54.0,107.0,0.1734,105379.0,150.0,FALL
2020-02-07,19100.0,19300.0,19350.0,18900.0,2302.0,442.0,-442.0,0.0,0.1734,105272.0,100.0,FALL
2020-02-06,19200.0,18900.0,19350.0,18550.0,7228.0,-333.0,124.0,209.0,0.1735,105272.0,450.0,RISE
2020-02-05,18750.0,19000.0,19000.0,18450.0,10081.0,-1463.0,-1289.0,2752.0,0.1735,105063.0,50.0,FALL
2020-02-04,18800.0,18600.0,18900.0,18300.0,14430.0,5178.0,-3178.0,-2000.0,0.1737,102311.0,450.0,RISE
2020-02-03,18350.0,18450.0,18500.0,17950.0,11746.0,-1797.0,1538.0,259.0,0.1742,104311.0,250.0,FALL
2020-01-31,18600.0,19150.0,19350.0,18450.0,20469.0,7069.0,-1653.0,-5416.0,0.174,104052.0,700.0,FALL
2020-01-30,19300.0,19600.0,19600.0,19250.0,3662.0,1298.0,-1216.0,-82.0,0.1742,109468.0,300.0,FALL
2020-01-29,19600.0,19600.0,19750.0,19350.0,4504.0,1902.0,-1313.0,-589.0,0.1745,109550.0,150.0,RISE
2020-01-28,19450.0,20000.0,20150.0,19100.0,12163.0,1732.0,-1917.0,185.0,0.1747,110139.0,850.0,FALL
2020-01-23,20300.0,20850.0,20850.0,20000.0,3338.0,662.0,-797.0,135.0,0.175,109954.0,100.0,FALL
2020-01-22,20400.0,20250.0,20900.0,20000.0,4873.0,521.0,-513.0,-8.0,0.1751,109819.0,150.0,RISE
2020-01-21,20250.0,19950.0,20350.0,19950.0,4095.0,383.0,-374.0,-9.0,0.1752,109827.0,100.0,RISE
2020-01-20,20150.0,20150.0,20200.0,19850.0,13358.0,611.0,-391.0,-220.0,0.1753,109836.0,50.0,FALL
2020-01-17,20200.0,20000.0,20450.0,20000.0,10786.0,3888.0,-2989.0,-899.0,0.1754,110056.0,50.0,RISE
2020-01-16,20150.0,20000.0,20300.0,19950.0,16523.0,4254.0,-3917.0,-337.0,0.1759,110955.0,150.0,RISE
2020-01-15,20000.0,20000.0,20050.0,19850.0,5916.0,3458.0,-2760.0,-698.0,0.1765,111292.0,0.0,EVEN
2020-01-14,20000.0,20100.0,20100.0,19600.0,12887.0,4604.0,-4243.0,-361.0,0.177,111990.0,50.0,FALL
2020-01-13,20050.0,19900.0,20100.0,19900.0,7174.0,2735.0,-2904.0,169.0,0.1775,112351.0,50.0,RISE
2020-01-10,20000.0,20000.0,20100.0,19800.0,17561.0,2971.0,-6849.0,3878.0,0.17800000000000002,112182.0,50.0,FALL
2020-01-09,20050.0,20400.0,20450.0,19900.0,11463.0,2594.0,-5087.0,2493.0,0.1791,108304.0,150.0,FALL
2020-01-08,20200.0,20950.0,20950.0,20150.0,14843.0,5554.0,-6638.0,1084.0,0.18,105811.0,750.0,FALL
2020-01-07,20950.0,21000.0,21150.0,20800.0,3224.0,409.0,-419.0,10.0,0.1811,104727.0,50.0,RISE
2020-01-06,20900.0,21200.0,21200.0,20700.0,6816.0,1719.0,-2537.0,818.0,0.1812,104717.0,300.0,FALL
2020-01-03,21200.0,21250.0,21350.0,21050.0,5588.0,1253.0,-1795.0,542.0,0.1816,103899.0,50.0,FALL
2020-01-02,21250.0,21100.0,21400.0,21100.0,3034.0,121.0,-151.0,30.0,0.1818,103357.0,0.0,EVEN
2019-12-30,21250.0,21300.0,21300.0,21050.0,4419.0,-1375.0,1439.0,-64.0,0.1818,103327.0,50.0,RISE
2019-12-27,21200.0,21150.0,21250.0,21000.0,7114.0,844.0,-820.0,-24.0,0.1816,103391.0,350.0,FALL
2019-12-26,21550.0,21100.0,21550.0,21050.0,33847.0,-8571.0,7055.0,1516.0,0.1817,103415.0,300.0,RISE
2019-12-24,21250.0,21300.0,21600.0,21150.0,35054.0,1640.0,-145.0,-1495.0,0.1806,101899.0,100.0,FALL
2019-12-23,21350.0,21300.0,21700.0,21300.0,130156.0,-578.0,654.0,-76.0,0.1806,103394.0,50.0,FALL
2019-12-20,21400.0,21650.0,21650.0,21350.0,50386.0,-2951.0,1959.0,992.0,0.1805,103470.0,150.0,FALL
2019-12-19,21550.0,21700.0,21700.0,21500.0,13804.0,-141.0,156.0,-15.0,0.1801,102478.0,150.0,FALL
2019-12-18,21700.0,21700.0,21850.0,21500.0,18725.0,480.0,-449.0,-31.0,0.1801,102493.0,50.0,RISE
2019-12-17,21650.0,21700.0,22000.0,21500.0,10231.0,1570.0,-1564.0,-6.0,0.1802,102524.0,50.0,FALL
2019-12-16,21700.0,22000.0,22000.0,21600.0,7166.0,1135.0,-1206.0,71.0,0.1805,102530.0,250.0,FALL
2019-12-13,21950.0,21450.0,22100.0,21450.0,5200.0,42.0,173.0,-215.0,0.1807,102459.0,500.0,RISE
2019-12-12,21450.0,21150.0,21500.0,21150.0,3712.0,-895.0,1000.0,-105.0,0.1807,102674.0,150.0,RISE
2019-12-11,21300.0,20900.0,21350.0,20900.0,2096.0,-162.0,157.0,5.0,0.1805,102779.0,50.0,RISE
2019-12-10,21250.0,21400.0,21400.0,21100.0,13663.0,127.0,-211.0,84.0,0.1805,102774.0,150.0,FALL
2019-12-09,21400.0,21400.0,21650.0,20300.0,12983.0,-321.0,170.0,151.0,0.1805,102690.0,0.0,EVEN
2019-12-06,21400.0,20900.0,21500.0,20900.0,17278.0,-416.0,793.0,-377.0,0.1805,102539.0,100.0,RISE
2019-12-05,26600.0,26700.0,26850.0,26500.0,11181.0,-3408.0,1196.0,2212.0,0.1803,102916.0,100.0,FALL
2019-12-04,26700.0,26950.0,26950.0,26650.0,7456.0,-1330.0,327.0,1003.0,0.18,100704.0,100.0,FALL
2019-12-03,26800.0,27000.0,27000.0,26700.0,8762.0,1109.0,-1115.0,6.0,0.18,99701.0,200.0,FALL
2019-12-02,27000.0,27150.0,27150.0,26850.0,7391.0,-2717.0,1712.0,1005.0,0.1802,99695.0,0.0,EVEN
2019-11-29,27000.0,26950.0,27100.0,26800.0,14809.0,-2990.0,983.0,2007.0,0.1799,98690.0,50.0,RISE
2019-11-28,26950.0,26750.0,27100.0,26750.0,14114.0,-1328.0,666.0,662.0,0.1797,96683.0,200.0,RISE
2019-11-27,26750.0,26750.0,27000.0,26750.0,7108.0,-148.0,154.0,-6.0,0.1795,96021.0,100.0,FALL
2019-11-26,26850.0,26900.0,27000.0,26650.0,8056.0,1085.0,-1003.0,-82.0,0.1795,96027.0,50.0,FALL
2019-11-25,26900.0,26550.0,27250.0,26300.0,21812.0,-2448.0,2719.0,-271.0,0.1797,96109.0,1550.0,RISE
2019-11-22,25350.0,25000.0,25600.0,25000.0,3987.0,1636.0,-506.0,-1130.0,0.1791,96380.0,150.0,RISE
2019-11-21,25200.0,25350.0,25350.0,24700.0,9402.0,3781.0,-3452.0,-329.0,0.1792,97510.0,50.0,FALL
2019-11-20,25250.0,25850.0,25900.0,25250.0,33322.0,17340.0,-3223.0,-14117.0,0.18,97839.0,800.0,FALL
2019-11-19,26050.0,26100.0,26550.0,26050.0,7266.0,3106.0,-2095.0,-1011.0,0.1807,111956.0,250.0,FALL
2019-11-18,26300.0,26650.0,26700.0,26200.0,8237.0,2938.0,-2664.0,-274.0,0.1811,112967.0,400.0,FALL
2019-11-15,26700.0,26950.0,27000.0,26500.0,5777.0,3524.0,-1835.0,-1689.0,0.1817,113241.0,450.0,FALL
2019-11-14,27150.0,27050.0,27300.0,26850.0,1327.0,762.0,-2.0,-760.0,0.182,114930.0,100.0,RISE
2019-11-13,27050.0,27200.0,27250.0,26800.0,2701.0,1208.0,92.0,-1300.0,0.1821,115690.0,150.0,FALL
2019-11-12,27200.0,27250.0,27350.0,27000.0,3893.0,1751.0,-1746.0,-5.0,0.182,116990.0,50.0,FALL
2019-11-11,27250.0,27350.0,27350.0,27000.0,4007.0,-75.0,93.0,-18.0,0.1824,116995.0,250.0,RISE
2019-11-08,27000.0,27250.0,27500.0,26800.0,6008.0,-396.0,255.0,141.0,0.1824,117013.0,200.0,FALL
2019-11-07,27200.0,26650.0,27200.0,26600.0,3847.0,-696.0,239.0,457.0,0.1824,116872.0,600.0,RISE
2019-11-06,26600.0,26700.0,26700.0,26450.0,2658.0,-164.0,350.0,-186.0,0.1823,116415.0,100.0,RISE
2019-11-05,26500.0,26450.0,26650.0,26350.0,2611.0,-3.0,160.0,-157.0,0.1823,116601.0,50.0,RISE
2019-11-04,26450.0,26300.0,26600.0,26200.0,2373.0,-153.0,92.0,61.0,0.1822,116758.0,250.0,RISE
2019-11-01,26200.0,26000.0,26200.0,26000.0,894.0,192.0,-101.0,-91.0,0.1822,116697.0,100.0,RISE
2019-10-31,26100.0,26100.0,26200.0,25950.0,2201.0,1642.0,-306.0,-1336.0,0.1822,116788.0,0.0,EVEN
2019-10-30,26100.0,26200.0,26200.0,26000.0,1372.0,276.0,-172.0,-104.0,0.1823,118124.0,100.0,FALL
2019-10-29,26200.0,26650.0,26700.0,26050.0,12222.0,203.0,-430.0,227.0,0.1823,118228.0,350.0,FALL
2019-10-28,26550.0,26550.0,26850.0,26500.0,3166.0,50.0,-56.0,6.0,0.1824,118001.0,0.0,EVEN
2019-10-25,26550.0,26900.0,26900.0,26250.0,2063.0,1150.0,-812.0,-338.0,0.1824,117995.0,400.0,FALL
2019-10-24,26950.0,26650.0,26950.0,26050.0,11993.0,1844.0,-438.0,-1406.0,0.1826,118333.0,350.0,RISE
2019-10-23,26600.0,26800.0,26950.0,26150.0,4248.0,1483.0,-1128.0,-355.0,0.1827,119739.0,200.0,FALL
2019-10-22,26800.0,27200.0,27200.0,26650.0,7841.0,66.0,-5.0,-61.0,0.1829,120094.0,100.0,FALL
2019-10-21,26900.0,26800.0,27000.0,26750.0,1328.0,11.0,9.0,-20.0,0.1829,120155.0,100.0,RISE
2019-10-18,26800.0,27400.0,27400.0,26750.0,6505.0,368.0,-77.0,-291.0,0.1832,120175.0,400.0,FALL
2019-10-17,27200.0,27500.0,27550.0,27100.0,4497.0,-146.0,89.0,57.0,0.1832,120466.0,300.0,FALL
2019-10-16,27500.0,27700.0,27700.0,27350.0,1814.0,261.0,-139.0,-122.0,0.1832,120409.0,50.0,RISE
2019-10-15,27450.0,27650.0,27700.0,27200.0,2263.0,629.0,-618.0,-11.0,0.1833,120531.0,100.0,RISE
2019-10-14,27350.0,26900.0,27500.0,26900.0,3726.0,899.0,794.0,-1693.0,0.1833,120542.0,500.0,RISE
2019-10-11,26850.0,27000.0,27500.0,26850.0,5654.0,3309.0,-44.0,-3265.0,0.1832,122235.0,150.0,FALL
2019-10-10,27000.0,26950.0,27100.0,26800.0,846.0,-43.0,23.0,20.0,0.1832,125500.0,50.0,RISE
2019-10-08,26950.0,27150.0,27150.0,26750.0,1279.0,84.0,28.0,-112.0,0.1832,125480.0,150.0,RISE
2019-10-07,26800.0,26700.0,27100.0,26500.0,2478.0,269.0,-379.0,110.0,0.183,125592.0,100.0,RISE
2019-10-04,26700.0,26750.0,27000.0,26450.0,4374.0,1196.0,-1303.0,107.0,0.1831,125482.0,50.0,FALL
2019-10-02,26750.0,27100.0,27250.0,26750.0,6157.0,1335.0,-1900.0,565.0,0.1834,125375.0,500.0,FALL
2019-10-01,27250.0,27250.0,27250.0,27000.0,1780.0,212.0,-171.0,-41.0,0.1838,124810.0,50.0,RISE
2019-09-30,27200.0,27400.0,27400.0,26950.0,1577.0,89.0,-138.0,49.0,0.1838,124851.0,100.0,RISE
2019-09-27,27100.0,27150.0,27200.0,26950.0,1047.0,-198.0,4.0,194.0,0.1838,124802.0,50.0,FALL
2019-09-26,27150.0,27100.0,27300.0,27100.0,1823.0,-555.0,111.0,444.0,0.1838,124608.0,50.0,RISE
2019-09-25,27100.0,27300.0,27300.0,26900.0,4886.0,-697.0,-249.0,946.0,0.1838,124164.0,200.0,FALL
2019-09-24,27300.0,27100.0,27300.0,27050.0,3683.0,-1073.0,76.0,997.0,0.1838,123218.0,200.0,RISE
2019-09-23,27100.0,27250.0,27250.0,27000.0,4981.0,-305.0,-692.0,997.0,0.1838,122221.0,300.0,FALL
2019-09-20,27400.0,27500.0,27500.0,27200.0,1921.0,138.0,-773.0,635.0,0.184,121224.0,50.0,FALL
2019-09-19,27450.0,27600.0,27600.0,27100.0,4332.0,-870.0,-555.0,1425.0,0.1841,120589.0,100.0,FALL
2019-09-18,27550.0,27550.0,27600.0,27150.0,6313.0,601.0,-93.0,-508.0,0.1843,119164.0,0.0,EVEN
2019-09-17,27550.0,27500.0,27800.0,27500.0,9704.0,2605.0,-2599.0,-6.0,0.1843,119672.0,150.0,RISE
2019-09-16,27400.0,27050.0,27800.0,27000.0,18605.0,8408.0,-5704.0,-2704.0,0.1848,119678.0,700.0,RISE
2019-09-11,26700.0,26500.0,27000.0,26400.0,4526.0,502.0,-818.0,316.0,0.1856,122382.0,200.0,RISE
2019-09-10,26500.0,26150.0,26500.0,25950.0,18946.0,-8196.0,9851.0,-1655.0,0.1858,122066.0,300.0,RISE
2019-09-09,26200.0,26000.0,26250.0,25750.0,5444.0,1937.0,-526.0,-1411.0,0.1837,123721.0,150.0,RISE
2019-09-06,26050.0,26250.0,26250.0,25950.0,4872.0,2553.0,-1126.0,-1427.0,0.1838,125132.0,300.0,FALL
2019-09-05,26350.0,26500.0,26500.0,26100.0,4619.0,1144.0,-212.0,-932.0,0.184,126559.0,200.0,RISE
2019-09-04,26150.0,26400.0,26400.0,26000.0,2037.0,614.0,-589.0,-25.0,0.1841,127491.0,150.0,FALL
2019-09-03,26300.0,26050.0,26400.0,26050.0,2771.0,812.0,-778.0,-34.0,0.1842,127516.0,100.0,FALL
2019-09-02,26400.0,26050.0,26400.0,25800.0,3827.0,401.0,-362.0,-39.0,0.1843,127550.0,350.0,RISE
2019-08-30,26050.0,25500.0,26550.0,25500.0,4513.0,174.0,-62.0,-112.0,0.1844,127589.0,450.0,RISE
2019-08-29,25600.0,25850.0,25850.0,25300.0,4914.0,-568.0,191.0,377.0,0.1843,127701.0,50.0,FALL
2019-08-28,25650.0,25300.0,25650.0,25300.0,2950.0,557.0,-466.0,-91.0,0.1843,127324.0,150.0,RISE
2019-08-27,25500.0,25350.0,25800.0,25350.0,2920.0,1691.0,-1177.0,-514.0,0.1844,127415.0,0.0,EVEN
2019-08-26,25500.0,26000.0,26000.0,25350.0,4691.0,1621.0,-2117.0,496.0,0.1847,127929.0,500.0,FALL
2019-08-23,26000.0,26100.0,26250.0,25700.0,4737.0,52.0,-664.0,612.0,0.1851,127433.0,100.0,FALL
2019-08-22,26100.0,26350.0,26400.0,25800.0,3657.0,891.0,-763.0,-128.0,0.1852,126821.0,0.0,EVEN
2019-08-21,26100.0,26150.0,26450.0,25850.0,2366.0,381.0,-160.0,-221.0,0.1854,126949.0,0.0,EVEN
2019-08-20,26100.0,26600.0,26600.0,25950.0,2313.0,81.0,-79.0,-2.0,0.1854,127170.0,50.0,RISE
2019-08-19,26050.0,26000.0,26150.0,25700.0,3181.0,521.0,-87.0,-434.0,0.1854,127172.0,550.0,RISE
2019-08-16,25500.0,25800.0,26450.0,25350.0,10217.0,1503.0,-2020.0,517.0,0.1854,127606.0,950.0,FALL
2019-08-14,26450.0,27000.0,27000.0,26300.0,2191.0,1267.0,-1150.0,-117.0,0.1858,127089.0,0.0,EVEN
2019-08-13,26450.0,26450.0,26550.0,26000.0,4167.0,-241.0,-2050.0,2291.0,0.1861,127206.0,0.0,EVEN
2019-08-12,26450.0,26050.0,26450.0,25900.0,3826.0,1124.0,-216.0,-908.0,0.1865,124915.0,50.0,RISE
2019-08-09,26400.0,26350.0,26600.0,26050.0,6720.0,629.0,-584.0,-45.0,0.1866,125823.0,350.0,RISE
2019-08-08,26050.0,25350.0,26150.0,25250.0,11356.0,1605.0,1794.0,-3399.0,0.1867,125868.0,750.0,RISE
2019-08-07,25300.0,24750.0,25850.0,24750.0,16304.0,-569.0,4631.0,-4062.0,0.1863,129267.0,150.0,RISE
2019-08-06,25150.0,25300.0,26000.0,24300.0,48110.0,8048.0,5774.0,-13822.0,0.1853,133329.0,950.0,FALL
2019-08-05,26100.0,27700.0,27700.0,25750.0,40250.0,-5800.0,5187.0,613.0,0.1841,147151.0,1600.0,FALL
2019-08-02,27700.0,28300.0,28350.0,27550.0,21932.0,7559.0,-5880.0,-1679.0,0.183,146538.0,1050.0,FALL
2019-08-01,28750.0,28800.0,29200.0,28700.0,10625.0,3115.0,-3251.0,136.0,0.1842,148217.0,700.0,FALL
2019-07-31,29450.0,29500.0,29800.0,29100.0,10982.0,3207.0,-1754.0,-1453.0,0.1849,148081.0,350.0,FALL
2019-07-30,29800.0,29700.0,30150.0,29650.0,9119.0,2751.0,464.0,-3215.0,0.1852,149534.0,0.0,EVEN
2019-07-29,29800.0,29800.0,29900.0,29100.0,12279.0,1000.0,-243.0,-757.0,0.1851,152749.0,100.0,FALL
2019-07-26,29900.0,30000.0,30000.0,29600.0,7602.0,2045.0,-777.0,-1268.0,0.1852,153506.0,300.0,FALL
2019-07-25,30200.0,30000.0,30300.0,29800.0,9730.0,-828.0,418.0,410.0,0.1854,154774.0,150.0,RISE
2019-07-24,30050.0,30200.0,30250.0,29700.0,10851.0,675.0,391.0,-1066.0,0.1853,154364.0,150.0,FALL
2019-07-23,30200.0,30550.0,31150.0,29950.0,18084.0,3689.0,-2251.0,-1438.0,0.1852,155430.0,550.0,FALL
2019-07-22,30750.0,30650.0,30800.0,30500.0,1578.0,632.0,-562.0,-70.0,0.1857,156868.0,100.0,RISE
2019-07-19,30650.0,30550.0,31000.0,30350.0,3212.0,345.0,-360.0,15.0,0.1858,156938.0,200.0,RISE
2019-07-18,30450.0,30600.0,30600.0,30300.0,1594.0,813.0,-874.0,61.0,0.1859,156923.0,50.0,FALL
2019-07-17,30500.0,30800.0,30850.0,30500.0,4018.0,1428.0,-1664.0,236.0,0.1861,156862.0,500.0,FALL
2019-07-16,31000.0,31000.0,31400.0,30850.0,5439.0,1121.0,-1535.0,414.0,0.1864,156626.0,100.0,FALL
2019-07-15,31100.0,31250.0,31500.0,31000.0,4004.0,-361.0,46.0,315.0,0.1867,156212.0,150.0,FALL
2019-07-12,31250.0,31350.0,31400.0,31100.0,6145.0,-704.0,607.0,97.0,0.1867,155897.0,0.0,EVEN
2019-07-11,31250.0,31300.0,31550.0,31150.0,5591.0,-109.0,81.0,28.0,0.1866,155800.0,0.0,EVEN
2019-07-10,31250.0,31000.0,31400.0,30700.0,7329.0,2704.0,-2640.0,-64.0,0.1866,155772.0,350.0,RISE
2019-07-09,30900.0,31050.0,31150.0,30800.0,9917.0,3029.0,-3077.0,48.0,0.1871,155836.0,150.0,FALL
2019-07-08,31050.0,31850.0,31850.0,31000.0,9658.0,632.0,-868.0,236.0,0.1878,155788.0,600.0,FALL
2019-07-05,31650.0,31250.0,31750.0,30900.0,13053.0,-3712.0,1983.0,1729.0,0.188,155552.0,700.0,RISE
2019-07-04,30950.0,31000.0,31300.0,30900.0,4350.0,392.0,-353.0,-39.0,0.1875,153823.0,50.0,FALL
2019-07-03,31000.0,30950.0,31500.0,30850.0,6988.0,1328.0,-945.0,-383.0,0.1884,153862.0,150.0,RISE
2019-07-02,30850.0,30750.0,31250.0,30750.0,4122.0,-241.0,-961.0,1202.0,0.1886,154245.0,150.0,RISE
2019-07-01,30700.0,31000.0,31000.0,30650.0,5604.0,1222.0,-1275.0,53.0,0.1888,153043.0,50.0,FALL
2019-06-28,30750.0,30850.0,31000.0,30650.0,4962.0,1360.0,-926.0,-434.0,0.1891,152990.0,50.0,FALL
2019-06-27,30800.0,30700.0,31150.0,30650.0,4021.0,-628.0,-97.0,725.0,0.1883,153424.0,100.0,RISE
2019-06-26,30700.0,30700.0,31300.0,30450.0,2594.0,440.0,-367.0,-73.0,0.1883,152699.0,0.0,EVEN
2019-06-25,30700.0,31400.0,31400.0,30650.0,6367.0,1244.0,-1345.0,101.0,0.1884,152772.0,500.0,FALL
2019-06-24,31200.0,31200.0,31550.0,31050.0,4260.0,-19.0,-96.0,115.0,0.1887,152671.0,0.0,EVEN
2019-06-21,31200.0,31200.0,31350.0,31050.0,2848.0,876.0,-428.0,-448.0,0.1887,152556.0,0.0,EVEN
2019-06-20,31200.0,31050.0,31400.0,30950.0,3617.0,197.0,-617.0,420.0,0.1888,153004.0,150.0,FALL
2019-06-19,31350.0,31150.0,31400.0,31100.0,5118.0,-2564.0,1901.0,663.0,0.1889,152584.0,200.0,RISE
2019-06-18,31150.0,31300.0,31400.0,30950.0,3798.0,-602.0,-350.0,952.0,0.1885,151921.0,150.0,RISE
2019-06-17,31000.0,30850.0,31250.0,30700.0,6535.0,2080.0,-2948.0,868.0,0.1886,150969.0,150.0,RISE
2019-06-14,30850.0,31250.0,31250.0,30750.0,5368.0,1176.0,-1399.0,223.0,0.1892,150101.0,200.0,FALL
2019-06-13,31050.0,31150.0,31150.0,30250.0,23708.0,1476.0,-2810.0,1334.0,0.1895,149878.0,150.0,RISE
2019-06-12,30900.0,30650.0,31300.0,30450.0,15929.0,-3508.0,1370.0,2138.0,0.1901,148544.0,400.0,RISE
2019-06-11,30500.0,30250.0,30600.0,29750.0,26562.0,-1169.0,-2209.0,3378.0,0.1898,146406.0,250.0,RISE
2019-06-10,30250.0,30300.0,30650.0,30050.0,10940.0,3387.0,-4360.0,973.0,0.1903,143028.0,0.0,EVEN
2019-06-07,30250.0,30050.0,30350.0,29950.0,20207.0,6783.0,-7043.0,260.0,0.1912,142055.0,250.0,RISE
2019-06-05,30000.0,30500.0,30550.0,29700.0,31699.0,17337.0,-17816.0,479.0,0.1927,141795.0,350.0,FALL
2019-06-04,30350.0,30700.0,30750.0,29900.0,20671.0,5468.0,-6496.0,1028.0,0.1965,141316.0,100.0,FALL
2019-06-03,30450.0,30250.0,30550.0,30000.0,7582.0,1882.0,-2820.0,938.0,0.1978,140288.0,250.0,RISE
2019-05-31,30200.0,30100.0,30350.0,29950.0,8021.0,1226.0,-2304.0,1078.0,0.1984,139350.0,100.0,RISE
2019-05-30,30100.0,30050.0,30700.0,30000.0,8861.0,1623.0,-281.0,-1342.0,0.1989,138272.0,100.0,FALL
2019-05-29,30200.0,30950.0,31200.0,30100.0,8905.0,3045.0,-3162.0,117.0,0.199,139614.0,800.0,FALL
2019-05-28,31000.0,30500.0,31000.0,30500.0,6273.0,2738.0,-2950.0,212.0,0.1997,139497.0,200.0,RISE
2019-05-27,30800.0,30800.0,31150.0,30050.0,8894.0,-1756.0,1075.0,681.0,0.2003,139285.0,300.0,RISE
2019-05-24,30500.0,30350.0,30850.0,30250.0,30669.0,17214.0,-14488.0,-2726.0,0.2001,138604.0,500.0,FALL
2019-05-23,31000.0,31650.0,31650.0,30600.0,31688.0,9693.0,-2157.0,-7536.0,0.2031,141330.0,650.0,FALL
2019-05-22,31650.0,32100.0,32400.0,31200.0,37873.0,20160.0,-7514.0,-12646.0,0.2036,148866.0,450.0,FALL
2019-05-21,32100.0,32800.0,33000.0,32000.0,27683.0,20945.0,-15510.0,-5435.0,0.2052,161512.0,1000.0,FALL
2019-05-20,33100.0,33950.0,34200.0,33000.0,20975.0,4693.0,-2494.0,-2199.0,0.2085,166947.0,1200.0,FALL
2019-05-17,34300.0,34800.0,35000.0,34100.0,11054.0,2259.0,-2858.0,599.0,0.209,169146.0,500.0,FALL
2019-05-16,34800.0,34850.0,35100.0,34200.0,12118.0,-3684.0,3341.0,343.0,0.2096,168547.0,500.0,FALL
2019-05-15,35300.0,35000.0,35300.0,34800.0,7622.0,942.0,-829.0,-113.0,0.2089,168204.0,350.0,RISE
2019-05-14,34950.0,33850.0,35200.0,33700.0,15204.0,-4111.0,8202.0,-4091.0,0.2091,168317.0,1100.0,RISE
2019-05-13,33850.0,34850.0,34850.0,33850.0,34600.0,-7382.0,6210.0,1172.0,0.2073,172408.0,1000.0,FALL
2019-05-10,34850.0,35000.0,35900.0,34450.0,27589.0,-17520.0,1034.0,16486.0,0.206,171236.0,600.0,FALL
2019-05-09,35450.0,35900.0,35900.0,35350.0,8096.0,-2914.0,106.0,2808.0,0.2058,154750.0,400.0,FALL
2019-05-08,35850.0,35900.0,36100.0,35700.0,3246.0,-775.0,545.0,230.0,0.2058,151942.0,50.0,FALL
2019-05-07,35900.0,37100.0,37100.0,35850.0,22390.0,-9958.0,340.0,9618.0,0.2057,151712.0,1250.0,FALL
2019-05-03,37150.0,36950.0,37200.0,36250.0,11503.0,-2184.0,-150.0,2334.0,0.2056,142094.0,50.0,FALL
2019-05-02,37200.0,36750.0,37350.0,36750.0,5833.0,1638.0,-655.0,-983.0,0.2056,139760.0,150.0,FALL
2019-04-30,37350.0,36600.0,37850.0,36250.0,18234.0,2288.0,3563.0,-5851.0,0.2058,140743.0,750.0,RISE
2019-04-29,36600.0,36450.0,36800.0,36100.0,4812.0,-437.0,-403.0,840.0,0.205,146594.0,400.0,RISE
2019-04-26,36200.0,37000.0,37550.0,35850.0,19614.0,2439.0,-5798.0,3359.0,0.2051,145754.0,1350.0,FALL
2019-04-25,37550.0,37800.0,37900.0,37100.0,14865.0,3942.0,-2911.0,-1031.0,0.2063,142395.0,300.0,FALL
2019-04-24,37850.0,36650.0,38150.0,36650.0,65411.0,-20478.0,23068.0,-2590.0,0.2069,143426.0,1200.0,RISE
2019-04-23,36650.0,35400.0,37000.0,35400.0,37014.0,-7162.0,3911.0,3251.0,0.202,146016.0,1250.0,RISE
2019-04-22,35400.0,35050.0,35650.0,34950.0,9591.0,-3536.0,1867.0,1669.0,0.2012,142765.0,600.0,RISE
2019-04-19,34800.0,34850.0,35000.0,34700.0,11125.0,3397.0,-496.0,-2901.0,0.2008,141096.0,150.0,FALL
2019-04-18,34950.0,34950.0,35100.0,34800.0,10084.0,2562.0,-1163.0,-1399.0,0.2009,143997.0,200.0,FALL
2019-04-17,35150.0,34950.0,35200.0,34900.0,6098.0,2488.0,766.0,-3254.0,0.2012,145396.0,150.0,FALL
2019-04-16,35300.0,35450.0,35450.0,34850.0,4305.0,1008.0,-343.0,-665.0,0.201,148650.0,0.0,EVEN
2019-04-15,35300.0,35600.0,35650.0,34850.0,7147.0,3125.0,-378.0,-2747.0,0.2011,149315.0,300.0,FALL
2019-04-12,35600.0,35500.0,35700.0,35250.0,4557.0,1160.0,-487.0,-673.0,0.2012,152062.0,100.0,RISE
2019-04-11,35500.0,35150.0,35650.0,35150.0,5775.0,42.0,1342.0,-1384.0,0.2013,152735.0,100.0,RISE
2019-04-10,35400.0,34750.0,35500.0,34500.0,11961.0,1756.0,651.0,-2407.0,0.201,154119.0,450.0,RISE
2019-04-09,34950.0,35500.0,35500.0,34750.0,13961.0,8439.0,-2145.0,-6294.0,0.2008,156526.0,100.0,FALL
2019-04-08,35050.0,34300.0,35900.0,34300.0,25081.0,5763.0,4190.0,-9953.0,0.2013,162820.0,800.0,RISE
2019-04-05,34250.0,34000.0,34350.0,33850.0,29333.0,9804.0,-7067.0,-2737.0,0.2004,172773.0,250.0,RISE
2019-04-04,34000.0,33850.0,34000.0,33850.0,21805.0,8255.0,-8284.0,29.0,0.2019,175510.0,0.0,EVEN
2019-04-03,34000.0,33650.0,34000.0,33650.0,49411.0,46364.0,-44683.0,-1681.0,0.2037,175481.0,250.0,FALL
2019-04-02,34250.0,34250.0,34300.0,33800.0,5412.0,2465.0,592.0,-3057.0,0.2131,177162.0,0.0,EVEN
2019-04-01,34250.0,33650.0,34250.0,33550.0,4875.0,174.0,1729.0,-1903.0,0.213,180219.0,700.0,RISE
2019-03-29,33550.0,33600.0,33850.0,33250.0,3989.0,1070.0,114.0,-1184.0,0.2127,182122.0,50.0,FALL
2019-03-28,33600.0,34450.0,34450.0,33450.0,10242.0,255.0,685.0,-940.0,0.2126,183306.0,600.0,FALL
2019-03-27,34200.0,34350.0,35150.0,33850.0,7823.0,1658.0,560.0,-2218.0,0.2125,184246.0,100.0,FALL
2019-03-26,34300.0,34500.0,34500.0,34050.0,6424.0,1472.0,300.0,-1772.0,0.2124,186464.0,50.0,RISE
2019-03-25,34250.0,35000.0,35000.0,34150.0,6071.0,2544.0,-964.0,-1580.0,0.2123,188236.0,1100.0,FALL
2019-03-22,35350.0,35300.0,35450.0,34100.0,10716.0,912.0,129.0,-1041.0,0.2125,189816.0,50.0,RISE
2019-03-21,35300.0,35450.0,35450.0,34550.0,16098.0,-100.0,2033.0,-1933.0,0.2125,190857.0,250.0,RISE
2019-03-20,35050.0,35650.0,35650.0,34950.0,10749.0,4287.0,613.0,-4900.0,0.212,192790.0,650.0,FALL
2019-03-19,35700.0,36250.0,36250.0,35450.0,16554.0,10941.0,-811.0,-10130.0,0.2119,197690.0,900.0,FALL
2019-03-18,36600.0,36700.0,36700.0,36050.0,5610.0,2465.0,915.0,-3380.0,0.2121,207820.0,100.0,FALL
2019-03-15,36700.0,36000.0,36800.0,36000.0,4871.0,-999.0,1423.0,-424.0,0.2119,211200.0,750.0,RISE
2019-03-14,35950.0,36400.0,36450.0,35950.0,3043.0,1550.0,363.0,-1913.0,0.2116,211624.0,150.0,FALL
2019-03-13,36100.0,36900.0,36900.0,36000.0,3650.0,1289.0,-28.0,-1261.0,0.2115,213537.0,500.0,FALL
2019-03-12,36600.0,35850.0,36600.0,35600.0,2974.0,154.0,208.0,-362.0,0.2115,214798.0,700.0,RISE
2019-03-11,35900.0,36200.0,36650.0,35500.0,3363.0,-751.0,-93.0,844.0,0.2115,215160.0,600.0,FALL
2019-03-08,36500.0,36750.0,37050.0,36450.0,4158.0,-462.0,-978.0,1440.0,0.2115,214316.0,550.0,FALL
2019-03-07,37050.0,36850.0,37050.0,36350.0,5587.0,-2949.0,-555.0,3504.0,0.2117,212876.0,150.0,RISE
2019-03-06,36900.0,36000.0,36950.0,36000.0,5709.0,-3364.0,639.0,2725.0,0.2118,209372.0,900.0,RISE
2019-03-05,36000.0,36000.0,36150.0,35600.0,4359.0,-670.0,1415.0,-745.0,0.2117,206647.0,200.0,RISE
2019-03-04,35800.0,36100.0,36400.0,35800.0,6731.0,897.0,615.0,-1512.0,0.2109,207392.0,300.0,FALL
2019-02-28,36100.0,36850.0,36900.0,35900.0,5494.0,-1601.0,469.0,1132.0,0.2107,208904.0,500.0,FALL
2019-02-27,36600.0,37400.0,37400.0,36600.0,7900.0,-24.0,-154.0,178.0,0.2109,207772.0,800.0,FALL
2019-02-26,37400.0,37200.0,37450.0,36800.0,6489.0,8.0,-219.0,211.0,0.2109,207594.0,150.0,FALL
2019-02-25,37550.0,37550.0,37600.0,37200.0,4847.0,-1846.0,-83.0,1929.0,0.2107,207383.0,0.0,EVEN
2019-02-22,37550.0,37750.0,37750.0,36550.0,14940.0,-79.0,-1206.0,1285.0,0.2107,205454.0,200.0,FALL
2019-02-21,37750.0,38800.0,39450.0,37450.0,11712.0,-1015.0,-2246.0,3261.0,0.211,204169.0,300.0,FALL
2019-02-20,38050.0,37700.0,38100.0,37500.0,4790.0,-103.0,-417.0,520.0,0.2114,200908.0,300.0,RISE
2019-02-19,37750.0,37850.0,38000.0,37250.0,3779.0,2552.0,-1318.0,-1234.0,0.2115,200388.0,100.0,FALL
2019-02-18,37850.0,37500.0,38000.0,37300.0,3850.0,1577.0,-399.0,-1178.0,0.2118,201622.0,0.0,EVEN
2019-02-15,37850.0,38100.0,38100.0,37300.0,5500.0,-1839.0,-501.0,2340.0,0.2119,202800.0,50.0,FALL
2019-02-14,37900.0,37300.0,38500.0,36950.0,5000.0,-2889.0,1762.0,1127.0,0.212,200460.0,600.0,RISE
2019-02-13,37300.0,37900.0,37900.0,37000.0,6611.0,-2970.0,905.0,2065.0,0.2116,199333.0,200.0,FALL
2019-02-12,37500.0,36800.0,37500.0,36500.0,7363.0,-5128.0,5100.0,28.0,0.2114,197268.0,650.0,RISE
2019-02-11,36850.0,37850.0,37850.0,36850.0,5839.0,-2847.0,568.0,2279.0,0.2104,197240.0,850.0,FALL
2019-02-08,37700.0,37800.0,37800.0,37450.0,4230.0,-2686.0,1195.0,1491.0,0.2102,194961.0,100.0,RISE
2019-02-07,37600.0,38850.0,39400.0,37150.0,20918.0,6642.0,-8542.0,1900.0,0.21,193470.0,1400.0,FALL
2019-02-01,39000.0,39150.0,39150.0,37800.0,8453.0,782.0,-38.0,-744.0,0.2118,191570.0,100.0,FALL
2019-01-31,39100.0,38300.0,39450.0,37900.0,5030.0,85.0,916.0,-1001.0,0.2118,192314.0,750.0,RISE
2019-01-30,38350.0,38600.0,39500.0,37600.0,15925.0,-2672.0,1520.0,1152.0,0.2116,193315.0,350.0,FALL
2019-01-29,38700.0,39100.0,39100.0,38100.0,7292.0,-1303.0,350.0,953.0,0.2113,192163.0,400.0,FALL
2019-01-28,39100.0,38700.0,39600.0,37900.0,18041.0,-4284.0,2262.0,2022.0,0.2112,191210.0,450.0,RISE
2019-01-25,38650.0,39400.0,39400.0,38300.0,9882.0,1236.0,-3303.0,2067.0,0.2107,189188.0,750.0,FALL
2019-01-24,39400.0,38400.0,39450.0,38200.0,13029.0,-873.0,228.0,645.0,0.2112,187121.0,1000.0,RISE
2019-01-23,38400.0,37500.0,38600.0,37050.0,10071.0,-2175.0,-942.0,3117.0,0.2112,186476.0,750.0,RISE
2019-01-22,37650.0,37950.0,38400.0,36350.0,22927.0,2893.0,-5519.0,2626.0,0.2116,183359.0,350.0,FALL
2019-01-21,38000.0,36800.0,38300.0,36450.0,31939.0,-661.0,1428.0,-767.0,0.2127,180733.0,1300.0,RISE
2019-01-18,36700.0,34900.0,37000.0,34750.0,31623.0,-5440.0,-221.0,5661.0,0.2124,181500.0,2100.0,RISE
2019-01-17,34600.0,33900.0,34850.0,33400.0,11115.0,-3973.0,771.0,3202.0,0.2125,175839.0,1400.0,RISE
2019-01-16,33200.0,33550.0,33900.0,33150.0,8264.0,-2476.0,1534.0,942.0,0.2123,172637.0,300.0,FALL
2019-01-15,33500.0,32650.0,33850.0,32650.0,9585.0,-6110.0,2390.0,3720.0,0.212,171695.0,700.0,RISE
2019-01-14,32800.0,32900.0,32900.0,32350.0,7731.0,-3501.0,-509.0,4010.0,0.2113,167975.0,100.0,FALL
2019-01-11,32900.0,33100.0,33250.0,32550.0,8720.0,2904.0,-286.0,-2618.0,0.2113,163965.0,300.0,FALL
2019-01-10,33200.0,32900.0,33300.0,32850.0,1822.0,187.0,-74.0,-113.0,0.2114,166583.0,200.0,RISE
2019-01-09,33000.0,33200.0,33250.0,32850.0,2148.0,-202.0,-19.0,221.0,0.2122,166696.0,0.0,EVEN
2019-01-08,33000.0,32850.0,33300.0,32750.0,2863.0,-1127.0,96.0,1031.0,0.2122,166475.0,150.0,RISE
2019-01-07,32850.0,33650.0,33650.0,32700.0,7094.0,-2893.0,-580.0,3473.0,0.2121,165444.0,350.0,FALL
2019-01-04,33200.0,33150.0,33200.0,32550.0,4449.0,-661.0,-66.0,727.0,0.2123,161971.0,0.0,EVEN
2019-01-03,33200.0,33200.0,33300.0,32750.0,5139.0,-2348.0,-509.0,2857.0,0.2123,161244.0,0.0,EVEN
2019-01-02,33200.0,33300.0,33300.0,32800.0,2754.0,-1425.0,343.0,1082.0,0.2124,158387.0,0.0,EVEN
2018-12-28,33200.0,32900.0,33450.0,32900.0,1353.0,-2.0,-115.0,117.0,0.2123,157305.0,300.0,RISE
2018-12-27,32900.0,33350.0,33750.0,32850.0,3075.0,662.0,-701.0,39.0,0.2123,157188.0,450.0,FALL
2018-12-26,33350.0,33250.0,33700.0,33100.0,2945.0,115.0,-180.0,65.0,0.2125,157149.0,350.0,FALL
2018-12-24,33700.0,33450.0,33700.0,33350.0,1922.0,-885.0,149.0,736.0,0.2125,157084.0,250.0,RISE
2018-12-21,33450.0,34150.0,34150.0,33450.0,3757.0,-216.0,-706.0,922.0,0.2125,156348.0,300.0,FALL
2018-12-20,33750.0,33550.0,33900.0,33500.0,1318.0,-266.0,-169.0,435.0,0.2126,155426.0,200.0,FALL
2018-12-19,33950.0,33750.0,34100.0,33350.0,1568.0,-35.0,-388.0,423.0,0.2127,154991.0,200.0,RISE
2018-12-18,33750.0,33600.0,34000.0,33250.0,2510.0,-234.0,-516.0,750.0,0.2128,154568.0,0.0,EVEN
2018-12-17,33750.0,33150.0,34050.0,33150.0,4722.0,-2533.0,-146.0,2679.0,0.2129,153818.0,100.0,RISE
2018-12-14,33650.0,33800.0,34200.0,33100.0,6097.0,870.0,-1084.0,214.0,0.2129,151139.0,550.0,FALL
2018-12-13,34200.0,33850.0,34300.0,33400.0,3340.0,-1210.0,192.0,1018.0,0.2131,150925.0,200.0,RISE
2018-12-12,34000.0,33100.0,34150.0,32900.0,4489.0,-2423.0,960.0,1463.0,0.2131,149907.0,1000.0,RISE
2018-12-11,33000.0,34050.0,34350.0,33000.0,12494.0,-2206.0,-1127.0,3333.0,0.2129,148444.0,900.0,FALL
2018-12-10,33900.0,34150.0,34450.0,33700.0,8831.0,946.0,1120.0,-2066.0,0.2131,145111.0,400.0,FALL
2018-12-07,34300.0,33850.0,34400.0,33800.0,5629.0,-1180.0,128.0,1052.0,0.2129,147177.0,450.0,RISE
2018-12-06,33850.0,34200.0,34250.0,33850.0,4907.0,401.0,116.0,-517.0,0.2129,146125.0,350.0,FALL
2018-12-05,34200.0,34150.0,34300.0,33850.0,8197.0,-3451.0,2413.0,1038.0,0.2128,146642.0,50.0,FALL
2018-12-04,34250.0,35000.0,35000.0,34200.0,10810.0,-622.0,578.0,44.0,0.2123,145604.0,350.0,FALL
2018-12-03,34600.0,34700.0,35000.0,34200.0,8330.0,-733.0,918.0,-185.0,0.2122,145560.0,50.0,FALL
2018-11-30,34650.0,34250.0,35000.0,34250.0,4051.0,212.0,-1091.0,879.0,0.212,145745.0,250.0,RISE
2018-11-29,34400.0,35100.0,35400.0,34100.0,13908.0,-1399.0,619.0,780.0,0.2122,144866.0,450.0,FALL
2018-11-28,34850.0,35600.0,35850.0,34750.0,11774.0,-4454.0,-399.0,4853.0,0.2121,144086.0,900.0,FALL
2018-11-27,35750.0,35800.0,36200.0,35500.0,7601.0,-3317.0,65.0,3252.0,0.2122,139233.0,250.0,FALL
2018-11-26,36000.0,34250.0,36500.0,34050.0,21773.0,-15729.0,3626.0,12103.0,0.2122,135981.0,1250.0,RISE
2018-11-23,34750.0,35000.0,35000.0,34300.0,4565.0,-2004.0,36.0,1968.0,0.2114,123878.0,50.0,RISE
2018-11-22,34700.0,34700.0,34800.0,34400.0,7931.0,-3649.0,817.0,2832.0,0.2114,121910.0,0.0,EVEN
2018-11-21,34700.0,35000.0,35000.0,33700.0,14579.0,-4329.0,-668.0,4997.0,0.2112,119078.0,300.0,FALL
2018-11-20,35000.0,34800.0,35000.0,34150.0,24979.0,-6629.0,1178.0,5451.0,0.2114,114081.0,50.0,RISE
2018-11-19,34950.0,36000.0,36000.0,34850.0,23804.0,10696.0,-17187.0,6491.0,0.2111,108630.0,1050.0,FALL
2018-11-16,36000.0,35400.0,36150.0,34650.0,4497.0,-1874.0,-394.0,2268.0,0.2148,102139.0,500.0,RISE
2018-11-15,35500.0,34650.0,36000.0,34500.0,6821.0,436.0,-644.0,208.0,0.2149,99871.0,450.0,RISE
2018-11-14,35050.0,34000.0,35650.0,32150.0,20514.0,-8087.0,1085.0,7002.0,0.215,99663.0,900.0,RISE
2018-11-13,34150.0,34300.0,34300.0,33700.0,3266.0,219.0,-454.0,235.0,0.2148,92661.0,150.0,FALL
2018-11-12,34300.0,35100.0,35150.0,34000.0,7265.0,56.0,-1052.0,996.0,0.2149,92426.0,800.0,FALL
2018-11-09,35100.0,35100.0,35850.0,33850.0,8966.0,-992.0,107.0,885.0,0.2151,91430.0,200.0,FALL
2018-11-08,35300.0,35700.0,36250.0,34850.0,4822.0,552.0,-538.0,-14.0,0.2151,90545.0,400.0,FALL
2018-11-07,35700.0,35750.0,36300.0,35350.0,5208.0,-1154.0,98.0,1056.0,0.2152,90559.0,200.0,FALL
2018-11-06,35900.0,35750.0,36000.0,35050.0,9239.0,1192.0,-1127.0,-65.0,0.2152,89503.0,150.0,RISE
2018-11-05,35750.0,37600.0,38700.0,35500.0,12830.0,2007.0,-1642.0,-365.0,0.2154,89568.0,1850.0,FALL
2018-11-02,37600.0,37000.0,39450.0,37000.0,18659.0,6856.0,-2093.0,-4763.0,0.2157,89933.0,600.0,RISE
2018-11-01,37000.0,36200.0,37750.0,36200.0,5072.0,669.0,-201.0,-468.0,0.2162,94696.0,1000.0,RISE
2018-10-31,36000.0,35450.0,36900.0,35150.0,7107.0,1755.0,-674.0,-1081.0,0.2162,95164.0,600.0,RISE
2018-10-30,35400.0,33200.0,36250.0,33200.0,16794.0,-3057.0,2107.0,950.0,0.2164,96245.0,1250.0,FALL
2018-10-29,36650.0,37250.0,37500.0,36300.0,3160.0,2084.0,-985.0,-1099.0,0.2159,95295.0,900.0,FALL
2018-10-26,37550.0,38850.0,40800.0,37500.0,9250.0,-331.0,-89.0,420.0,0.2161,96394.0,950.0,FALL
2018-10-25,38500.0,38050.0,39500.0,36050.0,7946.0,-676.0,-463.0,1139.0,0.2161,95974.0,200.0,FALL
2018-10-24,38700.0,39100.0,40050.0,38500.0,4172.0,1609.0,-1499.0,-110.0,0.2162,94835.0,850.0,FALL
2018-10-23,39550.0,39250.0,39950.0,38950.0,5450.0,1815.0,-1303.0,-512.0,0.2166,94945.0,450.0,FALL
2018-10-22,40000.0,41500.0,41500.0,39650.0,14170.0,-8917.0,-1739.0,10656.0,0.2166,95457.0,200.0,FALL
2018-10-19,40200.0,39100.0,41250.0,39100.0,2866.0,-424.0,-1213.0,1637.0,0.217,84801.0,0.0,EVEN
2018-10-18,40200.0,40000.0,40400.0,39750.0,2534.0,-714.0,-1023.0,1737.0,0.2173,83164.0,200.0,FALL
2018-10-17,40400.0,39350.0,40650.0,39350.0,3848.0,-909.0,-513.0,1422.0,0.2175,81427.0,1050.0,RISE
2018-10-16,39350.0,39500.0,40150.0,39300.0,3865.0,2439.0,-517.0,-1922.0,0.2176,80005.0,150.0,FALL
2018-10-15,39500.0,40800.0,40800.0,39150.0,5371.0,1631.0,-1792.0,161.0,0.2177,81927.0,600.0,FALL
2018-10-12,40100.0,40300.0,40550.0,39900.0,7305.0,360.0,-677.0,317.0,0.2181,81766.0,500.0,FALL
2018-10-11,40600.0,40500.0,41300.0,39000.0,20369.0,2193.0,-2194.0,1.0,0.2182,81449.0,400.0,FALL
2018-10-10,41000.0,41300.0,41750.0,40800.0,15846.0,1759.0,-258.0,-1501.0,0.2187,81448.0,550.0,FALL
2018-10-08,41550.0,42150.0,42150.0,41550.0,2811.0,495.0,231.0,-726.0,0.2187,82949.0,400.0,FALL
2018-10-05,41950.0,41350.0,42700.0,41350.0,6471.0,-794.0,-792.0,1586.0,0.2187,83675.0,50.0,FALL
2018-10-04,42000.0,41950.0,42900.0,41900.0,4426.0,-116.0,17.0,99.0,0.2189,82089.0,400.0,FALL
2018-10-02,42400.0,41300.0,43200.0,41150.0,3009.0,458.0,-334.0,-124.0,0.2188,81990.0,1000.0,RISE
2018-10-01,41400.0,41800.0,41800.0,41000.0,6574.0,2488.0,-567.0,-1921.0,0.2189,82114.0,500.0,FALL
2018-09-28,41900.0,41250.0,42100.0,41250.0,2088.0,1079.0,-11.0,-1068.0,0.219,84035.0,100.0,RISE
2018-09-27,41800.0,41250.0,42000.0,41250.0,4002.0,41.0,-187.0,146.0,0.2191,85103.0,100.0,FALL
2018-09-21,41900.0,41550.0,42450.0,40000.0,7000.0,1394.0,-937.0,-457.0,0.2192,84957.0,100.0,FALL
2018-09-20,42000.0,42000.0,42500.0,41450.0,2258.0,1381.0,-824.0,-557.0,0.2194,85414.0,400.0,RISE
2018-09-19,41600.0,42350.0,43300.0,41200.0,6690.0,3514.0,-1236.0,-2278.0,0.2195,85971.0,750.0,FALL
2018-09-18,42350.0,42000.0,43900.0,42000.0,5005.0,297.0,-293.0,-4.0,0.2198,88249.0,400.0,RISE
2018-09-17,41950.0,42950.0,43200.0,41600.0,9542.0,2227.0,-738.0,-1489.0,0.2199,88253.0,950.0,FALL
2018-09-14,42900.0,43100.0,43200.0,42900.0,4093.0,-890.0,-409.0,1299.0,0.22,89742.0,200.0,FALL
2018-09-13,43100.0,42950.0,43250.0,42750.0,3552.0,635.0,-590.0,-45.0,0.2201,88443.0,150.0,RISE
2018-09-12,42950.0,42800.0,43300.0,42600.0,6855.0,504.0,-562.0,58.0,0.2202,88488.0,150.0,RISE
2018-09-11,42800.0,43200.0,43200.0,42650.0,5685.0,-997.0,14.0,983.0,0.2204,88430.0,300.0,FALL
2018-09-10,43100.0,43500.0,43950.0,43000.0,4972.0,1001.0,-305.0,-696.0,0.2203,87447.0,400.0,FALL
2018-09-07,43500.0,44300.0,44300.0,43400.0,3479.0,2105.0,-1104.0,-1001.0,0.2204,88143.0,1000.0,FALL
2018-09-06,44500.0,45450.0,45450.0,43500.0,5136.0,3993.0,-369.0,-3624.0,0.2206,89144.0,650.0,FALL
2018-09-05,45150.0,45200.0,45200.0,44500.0,5064.0,-143.0,-1419.0,1562.0,0.2207,92768.0,50.0,FALL
2018-09-04,45200.0,44500.0,45450.0,43750.0,6802.0,807.0,-244.0,-563.0,0.221,91206.0,800.0,RISE
2018-09-03,44400.0,44200.0,44650.0,43900.0,3218.0,-1732.0,-20.0,1752.0,0.2211,91769.0,150.0,RISE
2018-08-31,44250.0,44000.0,44450.0,43850.0,4742.0,-2354.0,-79.0,2433.0,0.2211,90017.0,250.0,RISE
2018-08-30,44000.0,43900.0,44300.0,43550.0,5458.0,-2673.0,-432.0,3105.0,0.2211,87584.0,350.0,RISE
2018-08-29,43650.0,44500.0,44500.0,43350.0,4143.0,556.0,-798.0,242.0,0.2212,84479.0,850.0,FALL
2018-08-28,44500.0,44450.0,44700.0,44300.0,3904.0,-900.0,-218.0,1118.0,0.2214,84237.0,150.0,RISE
2018-08-27,44350.0,44150.0,44500.0,43500.0,5495.0,-1220.0,618.0,602.0,0.2214,83119.0,300.0,RISE
2018-08-24,44050.0,44000.0,44300.0,43550.0,5311.0,-1334.0,392.0,942.0,0.2213,82517.0,350.0,RISE
2018-08-23,43700.0,42900.0,43800.0,42600.0,12695.0,1541.0,-1136.0,-405.0,0.2212,81575.0,800.0,RISE
2018-08-22,42900.0,43050.0,43600.0,41800.0,14845.0,3243.0,-3269.0,26.0,0.2214,81980.0,300.0,FALL
2018-08-21,43200.0,44100.0,44100.0,42700.0,10023.0,4414.0,-3666.0,-748.0,0.2221,81954.0,650.0,FALL
2018-08-20,43850.0,44000.0,44250.0,43550.0,7622.0,4229.0,-3864.0,-365.0,0.2229,82702.0,150.0,FALL
2018-08-17,44000.0,44300.0,44350.0,43750.0,6680.0,730.0,-1490.0,760.0,0.2237,83067.0,250.0,FALL
2018-08-16,44250.0,44300.0,45850.0,42950.0,25525.0,-3794.0,3430.0,364.0,0.224,82307.0,2600.0,FALL
2018-08-14,46850.0,45550.0,47900.0,45000.0,6190.0,-1209.0,106.0,1103.0,0.2233,81943.0,1300.0,RISE
2018-08-13,45550.0,45800.0,45900.0,44500.0,7458.0,306.0,-113.0,-193.0,0.2233,80840.0,250.0,FALL
2018-08-10,45800.0,47050.0,47050.0,45600.0,7825.0,2915.0,-2939.0,24.0,0.2233,81033.0,1250.0,FALL
2018-08-09,47050.0,47500.0,47500.0,46500.0,5214.0,2687.0,-2025.0,-662.0,0.2239,81009.0,50.0,FALL
2018-08-08,47100.0,46750.0,47750.0,46100.0,8057.0,1440.0,-1380.0,-60.0,0.2243,81671.0,300.0,RISE
2018-08-07,46800.0,45250.0,47000.0,45250.0,4843.0,789.0,-274.0,-515.0,0.2246,81731.0,900.0,RISE
2018-08-06,45900.0,43900.0,46450.0,43900.0,5998.0,-914.0,704.0,210.0,0.2247,82246.0,1200.0,RISE
2018-08-03,44700.0,44200.0,45500.0,44200.0,6158.0,-102.0,101.0,1.0,0.2245,82036.0,400.0,RISE
2018-08-02,44300.0,43950.0,44550.0,43800.0,2538.0,-581.0,418.0,163.0,0.2245,82035.0,350.0,RISE
2018-08-01,43950.0,44150.0,44200.0,43450.0,3091.0,1215.0,286.0,-1501.0,0.2244,81872.0,150.0,FALL
2018-07-31,44100.0,44450.0,44450.0,43150.0,4859.0,2563.0,-887.0,-1676.0,0.2244,83373.0,350.0,FALL
2018-07-30,44450.0,45000.0,45000.0,44100.0,4706.0,524.0,22.0,-546.0,0.2246,85049.0,350.0,RISE
2018-07-27,44100.0,44550.0,44600.0,43150.0,5300.0,1920.0,-477.0,-1443.0,0.2246,85595.0,400.0,FALL
2018-07-26,44500.0,43650.0,44700.0,43650.0,3427.0,641.0,-394.0,-247.0,0.2247,87038.0,850.0,RISE
2018-07-25,43650.0,45000.0,45000.0,43300.0,4663.0,1923.0,-1527.0,-396.0,0.2247,87285.0,1250.0,FALL
2018-07-24,44900.0,43500.0,44900.0,43500.0,1672.0,419.0,-3.0,-416.0,0.2251,87681.0,1400.0,RISE
2018-07-23,43500.0,45150.0,45150.0,43200.0,17455.0,-3514.0,-824.0,4338.0,0.2251,88097.0,1450.0,FALL
2018-07-20,44950.0,45500.0,45500.0,43800.0,6034.0,-1234.0,211.0,1023.0,0.2252,83759.0,300.0,RISE
2018-07-19,44650.0,43800.0,44700.0,43800.0,8271.0,-567.0,-1296.0,1863.0,0.2252,82736.0,50.0,RISE
2018-07-18,44600.0,45450.0,45450.0,44000.0,5520.0,679.0,-655.0,-24.0,0.2255,80873.0,1050.0,FALL
2018-07-17,45650.0,45900.0,46200.0,45000.0,4470.0,937.0,-1062.0,125.0,0.2256,80897.0,0.0,EVEN
2018-07-16,45650.0,45500.0,45900.0,45200.0,4238.0,-108.0,103.0,5.0,0.2258,80772.0,150.0,RISE
2018-07-13,45500.0,45350.0,46950.0,45200.0,5227.0,3348.0,-1610.0,-1738.0,0.2258,80767.0,400.0,FALL
2018-07-12,45900.0,46400.0,47450.0,45300.0,3553.0,347.0,-714.0,367.0,0.2262,82505.0,450.0,FALL
2018-07-11,46350.0,47400.0,47400.0,46300.0,3735.0,525.0,-1608.0,1083.0,0.2263,82138.0,1400.0,FALL
2018-07-10,47750.0,46450.0,48500.0,46450.0,6648.0,3215.0,-403.0,-2812.0,0.2266,81055.0,1300.0,RISE
2018-07-09,46450.0,47100.0,47100.0,45950.0,4792.0,225.0,-2083.0,1858.0,0.2267,83867.0,650.0,FALL
2018-07-06,47100.0,47550.0,48500.0,46900.0,4186.0,375.0,-1423.0,1048.0,0.2272,82009.0,450.0,FALL
2018-07-05,47550.0,46450.0,48000.0,46000.0,6095.0,-275.0,-1364.0,1639.0,0.2275,80961.0,1250.0,RISE
2018-07-04,46300.0,45100.0,47000.0,44950.0,3547.0,-509.0,-564.0,1073.0,0.2278,79322.0,1200.0,RISE
2018-07-03,45100.0,45400.0,47800.0,45000.0,4436.0,-6.0,-1242.0,1248.0,0.2279,78249.0,300.0,FALL
2018-07-02,45400.0,46000.0,46400.0,45000.0,8186.0,598.0,-797.0,199.0,0.2281,77001.0,150.0,RISE
2018-06-29,45250.0,46650.0,46650.0,44900.0,8081.0,1832.0,-2025.0,193.0,0.2283,76802.0,1500.0,FALL
2018-06-28,46750.0,44850.0,47250.0,44850.0,7417.0,-1903.0,1103.0,800.0,0.2287,76609.0,1900.0,RISE
2018-06-27,44850.0,46550.0,46550.0,44550.0,7308.0,-743.0,309.0,434.0,0.2285,75809.0,1000.0,FALL
2018-06-26,45850.0,47050.0,47050.0,45400.0,6971.0,586.0,-587.0,1.0,0.2284,75375.0,1150.0,FALL
2018-06-25,47000.0,46550.0,47050.0,46450.0,5202.0,-586.0,593.0,-7.0,0.2286,75374.0,800.0,RISE
2018-06-22,46200.0,47100.0,47200.0,45200.0,7173.0,409.0,-693.0,284.0,0.2284,75381.0,1150.0,FALL
2018-06-21,47350.0,46500.0,48000.0,46500.0,5670.0,-1202.0,571.0,631.0,0.2286,75097.0,700.0,RISE
2018-06-20,46650.0,46650.0,47250.0,46150.0,4841.0,389.0,-56.0,-333.0,0.2285,74466.0,200.0,FALL
2018-06-19,46850.0,46950.0,47800.0,46100.0,5757.0,-1134.0,996.0,138.0,0.2285,74799.0,100.0,FALL
2018-06-18,46950.0,48800.0,48850.0,46450.0,13841.0,5660.0,-4477.0,-1183.0,0.2283,74661.0,1900.0,FALL
2018-06-15,48850.0,50400.0,50400.0,48250.0,9424.0,-152.0,152.0,0.0,0.2292,75844.0,1050.0,FALL
2018-06-14,49900.0,49150.0,49900.0,48100.0,5977.0,784.0,192.0,-976.0,0.2292,75844.0,700.0,RISE
2018-06-12,49200.0,48500.0,50900.0,48100.0,17628.0,5850.0,-1566.0,-4284.0,0.2291,76820.0,1350.0,RISE
2018-06-11,47850.0,47150.0,48350.0,46200.0,7859.0,-4063.0,5430.0,-1367.0,0.2294,81104.0,700.0,RISE
2018-06-08,47150.0,49150.0,49150.0,47000.0,9323.0,1269.0,-1171.0,-98.0,0.2282,82471.0,1250.0,FALL
2018-06-07,48400.0,49250.0,49300.0,47600.0,9914.0,1004.0,2501.0,-3505.0,0.2285,82569.0,400.0,RISE
2018-06-05,48000.0,46450.0,48000.0,46450.0,7136.0,-476.0,2438.0,-1962.0,0.228,86074.0,1100.0,RISE
2018-06-04,46900.0,48450.0,49250.0,45000.0,12295.0,1313.0,612.0,-1925.0,0.2274,88036.0,1300.0,FALL
2018-06-01,48200.0,50700.0,52700.0,48150.0,48920.0,13790.0,-2240.0,-11550.0,0.2273,89961.0,1150.0,FALL
2018-05-31,49350.0,47700.0,50100.0,47700.0,33080.0,-1467.0,-151.0,1618.0,0.2278,101511.0,1550.0,RISE
2018-05-30,47800.0,48200.0,49000.0,45300.0,22689.0,-5657.0,1901.0,3756.0,0.2278,99893.0,350.0,FALL
2018-05-29,48150.0,47200.0,49600.0,46700.0,43929.0,-12497.0,-12060.0,24557.0,0.2274,96137.0,750.0,RISE
2018-05-28,47400.0,46050.0,47950.0,46050.0,14455.0,-6700.0,1420.0,5280.0,0.23,71580.0,800.0,RISE
2018-05-25,46600.0,46950.0,48900.0,46000.0,35424.0,-1610.0,-7619.0,9229.0,0.2297,66300.0,800.0,FALL
2018-05-24,47400.0,43750.0,50200.0,43450.0,88225.0,-5742.0,7102.0,-1360.0,0.2313,57071.0,3850.0,RISE
2018-05-23,43550.0,42250.0,43650.0,42000.0,42339.0,-15728.0,11622.0,4106.0,0.2298,58431.0,1400.0,RISE
2018-05-21,42150.0,42000.0,42450.0,41850.0,14678.0,-545.0,447.0,98.0,0.2273,54325.0,150.0,RISE
2018-05-18,42000.0,42050.0,42550.0,41600.0,16387.0,1929.0,-2796.0,867.0,0.2272,54227.0,50.0,FALL
2018-05-17,42050.0,42200.0,42600.0,42050.0,29795.0,4926.0,-5127.0,201.0,0.2278,53360.0,150.0,FALL
2018-05-16,42200.0,42000.0,42350.0,41150.0,30540.0,5862.0,-8953.0,3091.0,0.2289,53159.0,200.0,RISE
2018-05-15,42000.0,42200.0,42500.0,41500.0,32052.0,22212.0,-17156.0,-5056.0,0.2308,50068.0,0.0,EVEN
2018-05-14,42000.0,41100.0,42200.0,40900.0,23769.0,10570.0,-8487.0,-2083.0,0.2344,55124.0,950.0,RISE
2018-05-11,41050.0,41050.0,41150.0,40850.0,5094.0,2955.0,-3011.0,56.0,0.2362,57207.0,100.0,RISE
2018-05-10,40950.0,40950.0,41500.0,40950.0,18462.0,11392.0,-12066.0,674.0,0.2369,57151.0,50.0,FALL
2018-05-09,41000.0,41350.0,41350.0,41000.0,6153.0,5405.0,-5603.0,198.0,0.2394,56477.0,100.0,FALL
2018-05-08,41100.0,41900.0,41900.0,41050.0,22945.0,12838.0,-12853.0,15.0,0.2405,56279.0,50.0,RISE
2018-05-04,41050.0,41000.0,41450.0,40600.0,4694.0,1321.0,-1325.0,4.0,0.2432,56264.0,100.0,RISE
2018-05-03,40950.0,41000.0,41300.0,40800.0,15114.0,1941.0,-1938.0,-3.0,0.2435,56260.0,50.0,RISE
2018-05-02,40900.0,40450.0,41050.0,40450.0,9284.0,2507.0,-3005.0,498.0,0.2439,56263.0,450.0,RISE
2018-04-30,40450.0,39950.0,40800.0,39950.0,3890.0,2279.0,-2119.0,-160.0,0.2446,55765.0,350.0,RISE
2018-04-27,40100.0,40950.0,40950.0,39900.0,2609.0,1177.0,-785.0,-392.0,0.245,55925.0,100.0,RISE
2018-04-26,40000.0,39550.0,40000.0,39550.0,5239.0,2724.0,-2722.0,-2.0,0.2452,56317.0,0.0,EVEN
2018-04-25,40000.0,39750.0,40000.0,39700.0,4117.0,2190.0,-2201.0,11.0,0.2457,56319.0,50.0,RISE
2018-04-24,39950.0,40500.0,40500.0,39750.0,3024.0,1366.0,-1244.0,-122.0,0.2462,56308.0,150.0,RISE
2018-04-23,39800.0,39700.0,40000.0,38950.0,8044.0,5321.0,-5705.0,384.0,0.2465,56430.0,0.0,EVEN
2018-04-20,39800.0,39950.0,39950.0,39350.0,2192.0,812.0,-534.0,-278.0,0.2477,56046.0,200.0,RISE
2018-04-19,39600.0,39400.0,40300.0,39400.0,4620.0,1492.0,-1008.0,-484.0,0.2478,56324.0,400.0,RISE
2018-04-18,39200.0,39500.0,39500.0,38900.0,3750.0,698.0,-1018.0,320.0,0.248,56808.0,150.0,RISE
2018-04-17,39050.0,39000.0,39800.0,38750.0,5611.0,1774.0,-1528.0,-246.0,0.2482,56488.0,50.0,RISE
2018-04-16,39000.0,39200.0,39650.0,38650.0,1359.0,246.0,-595.0,349.0,0.2485,56734.0,200.0,FALL
2018-04-13,39200.0,39250.0,39850.0,38850.0,2747.0,-139.0,-915.0,1054.0,0.2487,56385.0,50.0,FALL
2018-04-12,39250.0,40000.0,40000.0,38650.0,1752.0,304.0,-519.0,215.0,0.2489,55331.0,0.0,EVEN
2018-04-11,39250.0,39450.0,39500.0,38900.0,3182.0,-62.0,-1084.0,1146.0,0.2489,55116.0,200.0,FALL
2018-04-10,39450.0,39250.0,40050.0,39200.0,1864.0,-64.0,-826.0,890.0,0.2491,53970.0,200.0,RISE
2018-04-09,39250.0,38650.0,40300.0,38650.0,3167.0,660.0,-1403.0,743.0,0.2493,53080.0,700.0,FALL
2018-04-06,39950.0,39250.0,40150.0,39250.0,2703.0,567.0,-914.0,347.0,0.2496,52337.0,100.0,FALL
2018-04-05,40050.0,39900.0,40200.0,39850.0,1701.0,672.0,-576.0,-96.0,0.2498,51990.0,150.0,RISE
2018-04-04,39900.0,39050.0,40200.0,39050.0,14765.0,9183.0,-3452.0,-5731.0,0.2499,52086.0,800.0,RISE
2018-04-03,39100.0,38100.0,39350.0,38100.0,5654.0,2011.0,-281.0,-1730.0,0.2507,57817.0,350.0,RISE
2018-04-02,38750.0,40200.0,40200.0,38500.0,5543.0,310.0,-928.0,618.0,0.2507,59547.0,400.0,RISE
2018-03-30,38350.0,38300.0,39250.0,38250.0,3629.0,249.0,-499.0,250.0,0.2509,58929.0,50.0,RISE
2018-03-29,38300.0,38500.0,38500.0,38200.0,1973.0,617.0,-215.0,-402.0,0.251,58679.0,200.0,FALL
2018-03-28,38500.0,39000.0,39900.0,38350.0,3537.0,626.0,-302.0,-324.0,0.2511,59081.0,500.0,FALL
2018-03-27,39000.0,39350.0,39350.0,38550.0,1693.0,474.0,-678.0,204.0,0.2511,59405.0,350.0,FALL
2018-03-26,39350.0,38700.0,39700.0,38200.0,3278.0,855.0,-761.0,-94.0,0.2512,59201.0,50.0,FALL
2018-03-23,39400.0,39700.0,39900.0,39200.0,6498.0,1601.0,-1457.0,-144.0,0.2514,59295.0,100.0,FALL
2018-03-22,39500.0,39600.0,40000.0,39450.0,5455.0,4438.0,-2364.0,-2074.0,0.2516,59439.0,0.0,EVEN
2018-03-21,39500.0,39500.0,41400.0,39400.0,7472.0,1537.0,-1097.0,-440.0,0.2521,61513.0,0.0,EVEN
2018-03-20,39500.0,39250.0,39600.0,39050.0,18533.0,2254.0,-750.0,-1504.0,0.2523,61953.0,250.0,RISE
2018-03-19,39250.0,39050.0,39350.0,38550.0,9004.0,-529.0,230.0,299.0,0.2525,63457.0,200.0,RISE
2018-03-16,39050.0,40400.0,40400.0,38000.0,26639.0,2318.0,-5704.0,3386.0,0.2525,63158.0,1450.0,FALL
2018-03-15,40500.0,40100.0,41900.0,40100.0,17126.0,7539.0,-3614.0,-3925.0,0.2537,59772.0,1700.0,FALL
2018-03-14,42200.0,42900.0,42900.0,41850.0,5151.0,-1325.0,-1930.0,3255.0,0.2612,63697.0,100.0,FALL
2018-03-13,42300.0,42750.0,42950.0,41100.0,4604.0,1676.0,-95.0,-1581.0,0.2616,60442.0,450.0,FALL
2018-03-12,42750.0,42750.0,42850.0,42600.0,43394.0,5372.0,-1127.0,-4245.0,0.2616,62023.0,0.0,EVEN
2018-03-09,42750.0,42650.0,42800.0,42650.0,6261.0,-2675.0,2803.0,-128.0,0.2619,66268.0,0.0,EVEN
2018-03-08,42750.0,42600.0,42800.0,42600.0,18144.0,5701.0,-2079.0,-3622.0,0.2613,66396.0,50.0,RISE
2018-03-07,42700.0,42700.0,42750.0,42600.0,9913.0,2633.0,3869.0,-6502.0,0.2617,70018.0,100.0,RISE
2018-03-06,42600.0,42700.0,42750.0,42600.0,24542.0,5749.0,-2379.0,-3370.0,0.2609,76520.0,100.0,FALL
2018-03-05,42700.0,42650.0,42700.0,42550.0,74026.0,3621.0,3418.0,-7039.0,0.2614,79890.0,100.0,RISE
2018-03-02,42600.0,42500.0,42750.0,42500.0,9119.0,2625.0,699.0,-3324.0,0.2607,86929.0,0.0,EVEN
2018-02-28,42600.0,42650.0,42650.0,42500.0,18658.0,10453.0,1076.0,-11529.0,0.2605,90253.0,100.0,RISE
2018-02-27,42500.0,42650.0,42650.0,42500.0,12063.0,8229.0,-2335.0,-5894.0,0.2603,101782.0,0.0,EVEN
2018-02-26,42500.0,42500.0,42650.0,42450.0,67080.0,-15484.0,11589.0,3895.0,0.2612,107676.0,150.0,RISE
2018-02-23,42350.0,43000.0,43000.0,42350.0,157322.0,-77759.0,174.0,77585.0,0.2588,103781.0,1600.0,RISE
2018-02-22,40750.0,40450.0,40850.0,40400.0,422.0,112.0,-80.0,-32.0,0.2591,26196.0,300.0,RISE
2018-02-21,40450.0,43600.0,43600.0,40450.0,1809.0,-211.0,-139.0,350.0,0.2591,26228.0,450.0,FALL
2018-02-20,40900.0,40550.0,41300.0,40200.0,1340.0,-492.0,250.0,242.0,0.2592,25878.0,200.0,RISE
2018-02-19,40700.0,40550.0,40800.0,40550.0,4976.0,-205.0,205.0,0.0,0.2591,25636.0,150.0,RISE
2018-02-14,40550.0,40000.0,40550.0,39500.0,938.0,-37.0,-156.0,193.0,0.2591,25636.0,350.0,RISE
2018-02-13,40200.0,40400.0,40800.0,40150.0,10358.0,-671.0,137.0,534.0,0.2591,25443.0,200.0,FALL
2018-02-12,40400.0,40600.0,40950.0,40150.0,9493.0,-1245.0,-241.0,1486.0,0.2591,24909.0,200.0,FALL
2018-02-09,40600.0,40650.0,40650.0,40200.0,1349.0,-402.0,42.0,360.0,0.2591,23423.0,200.0,FALL
2018-02-08,40800.0,40200.0,41350.0,40200.0,1197.0,-247.0,-121.0,368.0,0.2591,23063.0,500.0,RISE
2018-02-07,40300.0,40400.0,41000.0,40250.0,2105.0,225.0,146.0,-371.0,0.2591,22695.0,100.0,FALL
2018-02-06,40400.0,39100.0,41500.0,39100.0,3503.0,-902.0,344.0,558.0,0.2591,23066.0,600.0,FALL
2018-02-05,41000.0,41100.0,41700.0,40000.0,3163.0,261.0,-331.0,70.0,0.259,22508.0,750.0,FALL
2018-02-02,41750.0,42800.0,42800.0,41350.0,3479.0,10.0,-105.0,95.0,0.2592,22438.0,1150.0,FALL
2018-02-01,42900.0,43700.0,43700.0,42500.0,2278.0,-820.0,444.0,376.0,0.2592,22343.0,100.0,FALL
2018-01-31,43000.0,42500.0,43600.0,42500.0,3547.0,-1835.0,635.0,1200.0,0.2591,21967.0,100.0,RISE
2018-01-30,42900.0,41850.0,42900.0,41750.0,5756.0,-1105.0,100.0,1005.0,0.2589,20767.0,1150.0,RISE
2018-01-29,41750.0,40300.0,42450.0,40050.0,5707.0,-905.0,-75.0,980.0,0.2589,19762.0,1450.0,RISE
2018-01-26,40300.0,41100.0,41100.0,40300.0,4301.0,934.0,-234.0,-700.0,0.2589,18782.0,800.0,FALL
2018-01-25,41100.0,42950.0,42950.0,40300.0,6328.0,-210.0,-1206.0,1416.0,0.259,19482.0,1200.0,FALL
2018-01-24,42300.0,42450.0,42850.0,40950.0,8558.0,-3105.0,-472.0,3577.0,0.2592,18066.0,700.0,RISE
2018-01-23,41600.0,41350.0,41650.0,38150.0,9756.0,-2827.0,119.0,2708.0,0.2593,14489.0,250.0,RISE
2018-01-22,41350.0,42400.0,42400.0,40750.0,6119.0,-1580.0,-1318.0,2898.0,0.2593,11781.0,1100.0,FALL
2018-01-19,42450.0,41250.0,42750.0,41150.0,20857.0,-11930.0,-169.0,12099.0,0.2596,8883.0,1300.0,RISE
2018-01-18,41150.0,38950.0,41450.0,38250.0,15747.0,-6095.0,2055.0,4040.0,0.2596,-3216.0,2250.0,RISE
2018-01-17,38900.0,37200.0,39100.0,37200.0,13091.0,-4537.0,1112.0,3425.0,0.2592,-7256.0,1750.0,RISE
2018-01-16,37150.0,36300.0,37150.0,36100.0,7227.0,-1861.0,347.0,1514.0,0.259,-10681.0,850.0,RISE
2018-01-15,36300.0,36850.0,36850.0,35850.0,10778.0,118.0,-1118.0,1000.0,0.2589,-12195.0,600.0,RISE
2018-01-12,35700.0,35700.0,35900.0,35600.0,2421.0,-250.0,-258.0,508.0,0.2591,-13195.0,200.0,FALL
2018-01-11,35900.0,36000.0,36050.0,35800.0,1024.0,22.0,-37.0,15.0,0.2592,-13703.0,100.0,FALL
2018-01-10,36000.0,36700.0,36700.0,35200.0,3688.0,-1842.0,740.0,1102.0,0.2592,-13718.0,0.0,EVEN
2018-01-09,36000.0,36000.0,36350.0,35900.0,4726.0,-2483.0,1028.0,1455.0,0.259,-14820.0,100.0,FALL
2018-01-08,36100.0,36150.0,36300.0,35600.0,5550.0,-2186.0,1105.0,1081.0,0.2588,-16275.0,50.0,FALL
2018-01-05,36150.0,36750.0,36750.0,36000.0,1871.0,-212.0,-49.0,261.0,0.2586,-17356.0,100.0,RISE
2018-01-04,36050.0,36700.0,36700.0,36000.0,3797.0,-1481.0,1131.0,350.0,0.2586,-17617.0,50.0,RISE
2018-01-03,36000.0,35700.0,36150.0,35700.0,4395.0,-1270.0,1247.0,23.0,0.2584,-17967.0,300.0,RISE
2018-01-02,35700.0,36250.0,36250.0,35650.0,1674.0,-330.0,328.0,2.0,0.2581,-17990.0,550.0,FALL
2017-12-28,36250.0,36200.0,36300.0,35650.0,2416.0,60.0,-63.0,3.0,0.258,-17992.0,50.0,RISE
2017-12-27,36200.0,36000.0,36250.0,35300.0,769.0,-19.0,21.0,-2.0,0.258,-17995.0,50.0,FALL
2017-12-26,36250.0,35500.0,36250.0,35250.0,2617.0,280.0,-67.0,-213.0,0.258,-17993.0,550.0,RISE
2017-12-22,35700.0,35750.0,35950.0,35600.0,5161.0,-2160.0,1548.0,612.0,0.2583,-17780.0,50.0,RISE
2017-12-21,35650.0,35600.0,36250.0,35600.0,3098.0,-1569.0,1815.0,-246.0,0.258,-18392.0,200.0,FALL
2017-12-20,35850.0,35900.0,35900.0,35450.0,2804.0,-301.0,1295.0,-994.0,0.2576,-18146.0,300.0,RISE
2017-12-19,35550.0,35900.0,36350.0,35100.0,10642.0,4272.0,4082.0,-8354.0,0.2574,-17152.0,350.0,FALL
2017-12-18,35900.0,36300.0,36300.0,35600.0,2273.0,1383.0,-224.0,-1159.0,0.2565,-8798.0,600.0,FALL
2017-12-15,36500.0,37050.0,37050.0,35800.0,3125.0,777.0,603.0,-1380.0,0.2565,-7639.0,250.0,FALL
2017-12-14,36750.0,36750.0,36800.0,36500.0,2481.0,-204.0,1012.0,-808.0,0.2564,-6259.0,350.0,RISE
2017-12-13,36400.0,36950.0,36950.0,36350.0,10682.0,-5876.0,7546.0,-1670.0,0.2562,-5451.0,100.0,FALL
2017-12-12,36500.0,36000.0,37150.0,36000.0,8236.0,-3733.0,5894.0,-2161.0,0.2546,-3781.0,500.0,RISE
2017-12-11,36000.0,36500.0,36500.0,35550.0,3579.0,-49.0,1216.0,-1167.0,0.2533,-1620.0,500.0,FALL
2017-12-08,36500.0,36600.0,37050.0,36050.0,2001.0,64.0,389.0,-453.0,0.2531,-453.0,50.0,FALL
2017-12-07,36550.0,37000.0,37650.0,36100.0,2453.0,-20.0,142.0,-122.0,0.253,-122.0,700.0,FALL
2017-12-06,37250.0,36600.0,37650.0,36600.0,3066.0,712.0,-314.0,-398.0,0.253,-398.0,50.0,RISE
2017-12-05,37200.0,37000.0,38450.0,36600.0,4241.0,-1241.0,2036.0,-795.0,0.253,-795.0,0.0,EVEN
2017-12-04,37200.0,37600.0,37800.0,35000.0,12236.0,165.0,2230.0,-2395.0,0.2526,-2395.0,400.0,FALL
2017-12-01,37600.0,38700.0,38750.0,37350.0,6690.0,1488.0,397.0,-1885.0,0.2521,-1885.0,950.0,FALL
2017-11-30,38550.0,38250.0,38750.0,38100.0,6572.0,308.0,653.0,-961.0,0.2521,-961.0,50.0,FALL
2017-11-29,38600.0,38600.0,38900.0,37800.0,10368.0,1837.0,-11.0,-1826.0,0.2519,-1826.0,0.0,EVEN
2017-11-28,38600.0,36850.0,38600.0,36650.0,14672.0,-1049.0,1915.0,-866.0,0.2519,-866.0,1750.0,RISE
2017-11-27,36850.0,35150.0,37350.0,35150.0,12919.0,-2910.0,4342.0,-1432.0,0.2515,-1432.0,1250.0,RISE
2017-11-24,35600.0,35000.0,35750.0,35000.0,8639.0,-2732.0,3655.0,-923.0,0.2506,-923.0,500.0,RISE
2017-11-23,35100.0,35100.0,35150.0,34850.0,5398.0,-969.0,2067.0,-1098.0,0.2498,-1098.0,0.0,EVEN
2017-11-22,35100.0,35000.0,35200.0,34100.0,13051.0,-530.0,2328.0,-1798.0,0.2494,-1798.0,350.0,RISE
2017-11-21,34750.0,34300.0,34850.0,34150.0,10979.0,452.0,502.0,-954.0,0.2489,-954.0,450.0,RISE
2017-11-20,34300.0,33800.0,34300.0,33350.0,4267.0,241.0,1112.0,-1353.0,0.2488,-1353.0,850.0,RISE
2017-11-17,33450.0,33850.0,35250.0,33400.0,14449.0,12706.0,624.0,-13330.0,0.2486,-13330.0,650.0,FALL
2017-11-16,34100.0,34000.0,34250.0,33500.0,20974.0,16986.0,331.0,-17317.0,0.2484,-17317.0,100.0,RISE
2017-11-15,34000.0,35100.0,35150.0,33700.0,15018.0,7804.0,1328.0,-9132.0,0.2484,-9132.0,1050.0,FALL
2017-11-14,35050.0,34350.0,35500.0,34350.0,11963.0,4660.0,591.0,-5251.0,0.2481,-5251.0,550.0,RISE
2017-11-13,34500.0,34200.0,34750.0,33800.0,11215.0,198.0,1396.0,-1594.0,0.248,-1594.0,350.0,RISE
2017-11-10,34150.0,34000.0,34800.0,33700.0,9179.0,3471.0,1670.0,-5141.0,0.2477,-5141.0,300.0,RISE
2017-11-09,33850.0,33600.0,33950.0,33600.0,2487.0,658.0,58.0,-716.0,0.2473,-716.0,200.0,RISE
2017-11-08,33650.0,33600.0,33700.0,33600.0,3858.0,1670.0,-145.0,-1525.0,0.2473,-1525.0,0.0,EVEN
2017-11-07,33650.0,33600.0,33700.0,33200.0,3250.0,1318.0,-254.0,-1064.0,0.2473,-1064.0,50.0,RISE
2017-11-06,33600.0,34950.0,34950.0,33600.0,6732.0,1179.0,-405.0,-774.0,0.2473,-774.0,550.0,FALL
2017-11-03,34150.0,34400.0,34450.0,33550.0,9384.0,1795.0,292.0,-2087.0,0.2474,-2087.0,650.0,FALL
2017-11-02,34800.0,34600.0,35200.0,34600.0,4774.0,-457.0,1029.0,-572.0,0.2473,-572.0,200.0,RISE
2017-11-01,34600.0,33500.0,34950.0,33500.0,2841.0,-948.0,925.0,23.0,0.2474,23.0,500.0,RISE
2017-10-31,34100.0,33600.0,35250.0,33600.0,12008.0,-8585.0,-365.0,8950.0,0.2471,8950.0,700.0,RISE
2017-10-30,33400.0,34000.0,34000.0,33350.0,3690.0,186.0,-160.0,-26.0,0.2473,-26.0,600.0,FALL
2017-10-27,34000.0,34300.0,34550.0,33700.0,1782.0,58.0,-52.0,-6.0,0.2473,-6.0,300.0,FALL
2017-10-26,34300.0,34400.0,35000.0,34250.0,2326.0,727.0,-146.0,-581.0,0.2473,-581.0,250.0,FALL
2017-10-25,34550.0,35000.0,35050.0,34500.0,1531.0,253.0,-253.0,0.0,0.2474,202.0,350.0,FALL
2017-10-24,34900.0,35100.0,35350.0,34750.0,616.0,197.0,-197.0,0.0,0.2475,197.0,50.0,RISE
2017-10-23,34850.0,35550.0,35550.0,34550.0,2253.0,437.0,-136.0,-301.0,0.2475,-301.0,350.0,FALL
2017-10-20,35200.0,35450.0,35500.0,35100.0,2278.0,-175.0,250.0,-75.0,0.2476,-75.0,50.0,FALL
2017-10-19,35250.0,35500.0,35650.0,35150.0,8452.0,-2781.0,2665.0,116.0,0.2475,116.0,250.0,FALL
2017-10-18,35500.0,35600.0,35650.0,35100.0,2884.0,909.0,55.0,-964.0,0.2466,-964.0,50.0,FALL
2017-10-17,35550.0,35050.0,35650.0,35000.0,2007.0,18.0,-18.0,0.0,0.2466,-692.0,400.0,RISE
2017-10-16,35150.0,35150.0,35350.0,35100.0,1518.0,581.0,-623.0,42.0,0.2466,42.0,50.0,RISE
2017-10-13,35100.0,35150.0,35450.0,35050.0,2090.0,-77.0,-25.0,102.0,0.2468,102.0,400.0,FALL
2017-10-12,35500.0,35500.0,35650.0,35000.0,2699.0,-151.0,-94.0,245.0,0.2468,245.0,0.0,EVEN
2017-10-11,35500.0,35000.0,35700.0,35000.0,8898.0,-1825.0,1778.0,47.0,0.2469,47.0,0.0,EVEN
2017-10-10,53200.0,54000.0,54900.0,52800.0,11560.0,6419.0,81.0,-6500.0,0.246,-6500.0,100.0,FALL
2017-09-29,53300.0,54200.0,54700.0,53200.0,8559.0,1350.0,559.0,-1909.0,0.2459,-1909.0,900.0,FALL
2017-09-28,54200.0,56300.0,57000.0,54200.0,27596.0,13565.0,2017.0,-15582.0,0.2458,-15582.0,500.0,RISE
2017-09-27,53700.0,53000.0,54100.0,52900.0,1894.0,-268.0,289.0,-21.0,0.2451,-21.0,700.0,RISE
2017-09-26,53000.0,53500.0,55000.0,52000.0,2655.0,137.0,-137.0,0.0,0.245,158.0,600.0,FALL
2017-09-25,53600.0,54500.0,56300.0,52100.0,14505.0,4137.0,614.0,-4751.0,0.2451,-4751.0,900.0,FALL
2017-09-22,54500.0,53500.0,55600.0,53500.0,9478.0,853.0,491.0,-1344.0,0.2449,-1344.0,1000.0,RISE
2017-09-21,53500.0,53400.0,54100.0,52900.0,9702.0,-2028.0,1733.0,295.0,0.2447,295.0,600.0,RISE
2017-09-20,52900.0,52300.0,53100.0,52200.0,1560.0,628.0,-639.0,11.0,0.2437,11.0,700.0,RISE
2017-09-19,52200.0,52200.0,53300.0,52200.0,1039.0,234.0,-232.0,-2.0,0.2439,-2.0,0.0,EVEN
2017-09-18,52200.0,52200.0,52700.0,51300.0,1491.0,-223.0,226.0,-3.0,0.244,-3.0,0.0,EVEN
2017-09-15,52200.0,52300.0,53800.0,52200.0,2001.0,357.0,-339.0,-18.0,0.2439,-18.0,100.0,FALL
2017-09-14,52300.0,51700.0,52500.0,51700.0,2937.0,644.0,-297.0,-347.0,0.244,-347.0,100.0,FALL
2017-09-13,52400.0,52300.0,52500.0,52200.0,1588.0,410.0,-410.0,0.0,0.2441,410.0,200.0,RISE
2017-09-12,52200.0,52300.0,52300.0,51000.0,3560.0,524.0,-223.0,-301.0,0.2442,-301.0,100.0,FALL
2017-09-11,52300.0,52300.0,53500.0,52300.0,1740.0,539.0,-533.0,-6.0,0.2443,-6.0,200.0,FALL
2017-09-08,52500.0,52800.0,52800.0,52200.0,1804.0,320.0,-363.0,43.0,0.2445,43.0,300.0,FALL
2017-09-07,52800.0,52900.0,52900.0,52200.0,1741.0,-61.0,-59.0,120.0,0.2446,120.0,300.0,RISE
2017-09-06,52500.0,53500.0,53900.0,52300.0,1920.0,599.0,-583.0,-16.0,0.2446,-16.0,500.0,FALL
2017-09-05,53000.0,53000.0,53500.0,52900.0,2708.0,566.0,-552.0,-14.0,0.2448,-14.0,0.0,EVEN
2017-09-04,53000.0,51500.0,53100.0,51500.0,2685.0,-1252.0,1260.0,-8.0,0.245,-8.0,0.0,EVEN
2017-09-01,53000.0,53000.0,53500.0,52400.0,1487.0,-940.0,940.0,0.0,0.2446,-836.0,0.0,EVEN
2017-08-31,53000.0,53000.0,53500.0,52900.0,2245.0,-706.0,960.0,-254.0,0.2443,-254.0,0.0,EVEN
2017-08-30,53000.0,53000.0,53800.0,52900.0,955.0,-123.0,371.0,-248.0,0.244,-248.0,0.0,EVEN
2017-08-29,53000.0,53000.0,53500.0,52900.0,2467.0,-560.0,760.0,-200.0,0.2439,-200.0,0.0,EVEN
2017-08-28,53000.0,53000.0,53700.0,52900.0,2264.0,-1081.0,1307.0,-226.0,0.2436,-226.0,500.0,RISE
2017-08-25,52500.0,53200.0,53200.0,52500.0,2134.0,352.0,-508.0,156.0,0.2432,156.0,100.0,FALL
2017-08-24,52600.0,53800.0,53800.0,52200.0,1465.0,420.0,-389.0,-31.0,0.2434,-31.0,100.0,FALL
2017-08-23,52700.0,53100.0,53200.0,52400.0,3082.0,484.0,-484.0,0.0,0.2435,-1413.0,200.0,FALL
2017-08-22,52900.0,52500.0,53100.0,52000.0,4717.0,632.0,-654.0,22.0,0.2436,22.0,1000.0,RISE
2017-08-21,51900.0,52000.0,52100.0,51200.0,2865.0,659.0,-659.0,0.0,0.2438,-1165.0,400.0,RISE
2017-08-18,51500.0,51800.0,52000.0,50900.0,4194.0,426.0,-252.0,-174.0,0.2441,-174.0,300.0,RISE
2017-08-17,51200.0,51000.0,51900.0,51000.0,1032.0,18.0,-18.0,0.0,0.2441,-66.0,300.0,FALL
2017-08-16,51500.0,51100.0,52000.0,51000.0,5263.0,870.0,111.0,-981.0,0.2441,-981.0,800.0,RISE
2017-08-14,50700.0,50600.0,51600.0,50500.0,1654.0,-151.0,35.0,116.0,0.2441,116.0,100.0,FALL
2017-08-11,50800.0,50300.0,51400.0,50300.0,2381.0,12.0,-12.0,0.0,0.2441,69.0,100.0,RISE
2017-08-10,50700.0,50800.0,51800.0,50500.0,4584.0,249.0,-186.0,-63.0,0.2441,-63.0,1000.0,FALL
2017-08-09,51700.0,52200.0,52300.0,51400.0,1891.0,350.0,-40.0,-310.0,0.2442,-310.0,500.0,FALL
2017-08-08,52200.0,51600.0,52800.0,51500.0,4273.0,55.0,7.0,-62.0,0.2442,-62.0,600.0,RISE
2017-08-07,51600.0,52100.0,53400.0,51300.0,5461.0,266.0,-266.0,0.0,0.2442,155.0,900.0,FALL
2017-08-04,52500.0,50800.0,52500.0,50600.0,11581.0,572.0,507.0,-1079.0,0.2442,-1079.0,2000.0,RISE
2017-08-03,50500.0,50800.0,50900.0,50300.0,4138.0,24.0,-24.0,0.0,0.2441,-2193.0,0.0,EVEN
2017-08-02,50500.0,50500.0,50900.0,50500.0,3652.0,165.0,-165.0,0.0,0.2441,-762.0,200.0,FALL
2017-08-01,50700.0,50700.0,50800.0,50500.0,4835.0,-660.0,145.0,515.0,0.2438,515.0,0.0,EVEN
2017-07-31,50700.0,50000.0,50800.0,50000.0,1555.0,43.0,-42.0,-1.0,0.2453,-1.0,100.0,FALL
2017-07-28,50800.0,50700.0,51000.0,50500.0,3046.0,-457.0,476.0,-19.0,0.2454,-19.0,100.0,FALL
2017-07-27,50900.0,50400.0,50900.0,50200.0,3932.0,-985.0,868.0,117.0,0.2452,117.0,500.0,RISE
2017-07-26,50400.0,50600.0,50600.0,50400.0,5358.0,165.0,-148.0,-17.0,0.2446,-17.0,400.0,FALL
2017-07-25,50800.0,50400.0,50900.0,50400.0,3209.0,-832.0,483.0,349.0,0.2444,349.0,100.0,FALL
2017-07-24,50900.0,50800.0,51300.0,50400.0,9930.0,2855.0,870.0,-3725.0,0.2442,-3725.0,200.0,RISE
2017-07-21,50700.0,50900.0,51600.0,50400.0,10480.0,3558.0,962.0,-4520.0,0.2439,-4520.0,200.0,FALL
2017-07-20,50900.0,51100.0,51100.0,50500.0,7951.0,7.0,14.0,-21.0,0.2436,-21.0,300.0,RISE
2017-07-19,50600.0,50700.0,51300.0,50400.0,4460.0,-415.0,-85.0,500.0,0.2429,500.0,100.0,FALL
2017-07-18,50700.0,51400.0,51400.0,50400.0,6047.0,203.0,-159.0,-44.0,0.2429,-44.0,200.0,FALL
2017-07-17,50900.0,51700.0,51700.0,50500.0,2879.0,970.0,-970.0,0.0,0.243,970.0,100.0,FALL
2017-07-14,51000.0,50700.0,51400.0,50300.0,5528.0,-2416.0,1669.0,747.0,0.2433,747.0,600.0,RISE
2017-07-13,50400.0,51000.0,51000.0,50200.0,6635.0,-1185.0,936.0,249.0,0.2427,249.0,100.0,RISE
2017-07-12,50300.0,50400.0,50500.0,50100.0,7749.0,-1526.0,1175.0,351.0,0.2424,351.0,100.0,FALL
2017-07-11,50400.0,50800.0,50800.0,50200.0,12584.0,763.0,1681.0,-2444.0,0.2421,-2444.0,100.0,FALL
2017-07-10,50500.0,50500.0,50600.0,50400.0,6849.0,-1048.0,37.0,1011.0,0.2415,1011.0,0.0,EVEN
2017-07-07,50500.0,50100.0,50800.0,50100.0,6999.0,-489.0,488.0,1.0,0.2415,1.0,200.0,FALL
2017-07-06,50700.0,51300.0,51300.0,50400.0,14583.0,4548.0,543.0,-5091.0,0.2414,-5091.0,100.0,FALL
2017-07-05,50800.0,51400.0,51400.0,50600.0,3496.0,312.0,-246.0,-66.0,0.2412,-66.0,200.0,FALL
2017-07-04,51000.0,51400.0,51500.0,50600.0,9285.0,-2418.0,2418.0,0.0,0.2413,-2507.0,200.0,RISE
2017-07-03,50800.0,50300.0,51100.0,50100.0,10070.0,-3772.0,3541.0,231.0,0.2405,231.0,700.0,RISE
2017-06-30,50100.0,50000.0,50500.0,49950.0,13440.0,7076.0,798.0,-7874.0,0.2394,-7874.0,300.0,FALL
2017-06-29,50400.0,50400.0,50400.0,49800.0,14848.0,3437.0,1936.0,-5373.0,0.2391,-5373.0,200.0,RISE
2017-06-28,50200.0,50400.0,50400.0,49800.0,6864.0,976.0,-131.0,-845.0,0.2385,-845.0,0.0,EVEN
2017-06-27,50200.0,50100.0,50600.0,47050.0,15523.0,-551.0,1281.0,-730.0,0.2386,-730.0,100.0,RISE
2017-06-26,50100.0,50200.0,50500.0,49950.0,27217.0,683.0,47.0,-730.0,0.2381,-730.0,300.0,FALL
2017-06-23,50400.0,50500.0,51000.0,49950.0,22104.0,810.0,-80.0,-730.0,0.2381,-730.0,0.0,EVEN
2017-06-22,50400.0,52000.0,52500.0,50200.0,21635.0,3674.0,-951.0,-2723.0,0.2382,-2723.0,1500.0,FALL
2017-06-21,51900.0,50700.0,52200.0,50000.0,29041.0,1934.0,3067.0,-5001.0,0.2385,-5001.0,1400.0,RISE
2017-06-20,50500.0,51500.0,52100.0,50100.0,27380.0,1958.0,15.0,-1973.0,0.2375,-1973.0,900.0,FALL
2017-06-19,51400.0,50500.0,51400.0,50500.0,14407.0,-5523.0,6183.0,-660.0,0.2375,-660.0,900.0,RISE
2017-06-16,50500.0,50700.0,50900.0,50000.0,9640.0,-2484.0,3072.0,-588.0,0.2355,-588.0,200.0,FALL
2017-06-15,50700.0,51500.0,51500.0,49900.0,21401.0,6029.0,927.0,-6956.0,0.2345,-6956.0,800.0,FALL
2017-06-14,51500.0,51600.0,51600.0,49950.0,15147.0,-818.0,1588.0,-770.0,0.2342,-770.0,0.0,EVEN
2017-06-13,51500.0,51700.0,51700.0,49900.0,24616.0,3939.0,6602.0,-10541.0,0.2337,-10541.0,800.0,RISE
2017-06-12,50700.0,51700.0,51700.0,50000.0,14752.0,-5733.0,6616.0,-883.0,0.2316,-883.0,600.0,FALL
2017-06-09,51300.0,51100.0,51700.0,50000.0,15148.0,-8274.0,6293.0,1981.0,0.2295,1981.0,200.0,RISE
2017-06-08,51100.0,51000.0,51200.0,49550.0,23669.0,-7801.0,5319.0,2482.0,0.2275,2482.0,700.0,RISE
2017-06-07,50400.0,48100.0,51600.0,48100.0,45916.0,-5729.0,11728.0,-5999.0,0.2258,-5999.0,1600.0,RISE
2017-06-05,48800.0,47500.0,49500.0,47050.0,38889.0,-7166.0,13153.0,-5987.0,0.2221,-5987.0,1800.0,RISE
2017-06-02,47000.0,46250.0,47350.0,45800.0,10845.0,-514.0,749.0,-235.0,0.2179,-235.0,850.0,RISE
2017-06-01,46150.0,47500.0,47500.0,46150.0,27512.0,4214.0,-628.0,-3586.0,0.2177,-3586.0,1350.0,FALL
2017-05-31,47500.0,49000.0,49000.0,47500.0,26970.0,3910.0,294.0,-4204.0,0.2179,-4204.0,1450.0,FALL
2017-05-30,48950.0,49950.0,49950.0,48550.0,13841.0,181.0,812.0,-993.0,0.2178,-993.0,550.0,FALL
2017-05-29,49500.0,48800.0,49700.0,48200.0,28503.0,1433.0,0.0,-1433.0,0.2175,-1433.0,700.0,RISE
2017-05-26,48800.0,48500.0,50400.0,47950.0,39590.0,10160.0,-2699.0,-7461.0,0.2175,-7461.0,350.0,RISE
2017-05-25,48450.0,49000.0,49400.0,48400.0,24261.0,7036.0,-3632.0,-3404.0,0.2184,-3404.0,950.0,FALL
2017-05-24,49400.0,51500.0,51900.0,49300.0,45030.0,12162.0,-4663.0,-7499.0,0.2192,-7499.0,2100.0,FALL
2017-05-23,51500.0,49100.0,52500.0,49050.0,54975.0,7801.0,-3329.0,-4472.0,0.2207,-4472.0,2000.0,RISE
2017-05-22,49500.0,50500.0,50500.0,48500.0,50478.0,3279.0,-1432.0,-1847.0,0.2217,-1847.0,700.0,FALL
2017-05-19,50200.0,53200.0,54000.0,50200.0,95182.0,16193.0,-513.0,-15680.0,0.2222,-15680.0,3200.0,FALL
2017-05-18,53400.0,53800.0,55900.0,52200.0,120648.0,14209.0,-880.0,-13329.0,0.2227,-13329.0,1500.0,FALL
2017-05-17,54900.0,53800.0,58200.0,51200.0,286606.0,13446.0,20873.0,-34319.0,0.223,-34319.0,300.0,RISE
2017-05-16,54600.0,49500.0,56200.0,47750.0,258515.0,29104.0,19499.0,-48603.0,0.2163,-48603.0,6600.0,RISE
2017-05-15,48000.0,44300.0,52700.0,44150.0,608556.0,36847.0,62058.0,-98905.0,0.2101,-98905.0,4300.0,RISE
2017-05-12,43700.0,52100.0,67000.0,41100.0,506129.0,180188.0,-10961.0,-169227.0,0.1904,-169227.0,8400.0,FALL
