날짜,종가,시가,고가,저가,거래량,개인순매수,외국인순매수,기관순매수,외국인보유,기관보유량,전일비,변화
2016-01-27,19600.0,18950.0,24600.0,17500.0,5636031.0,475723.0,-59658.0,-416065.0,0.007,-416065.0,650.0,RISE
2016-01-28,21800.0,19200.0,23350.0,19050.0,3438322.0,5907.0,4197.0,-10104.0,0.008,-10104.0,2200.0,RISE
2016-01-29,20800.0,22100.0,22700.0,20350.0,882135.0,10848.0,-10848.0,0.0,0.005,13644.0,1000.0,FALL
2016-02-01,18900.0,20850.0,21100.0,18800.0,622449.0,25448.0,-3349.0,-22099.0,0.004,-22099.0,1900.0,FALL
2016-02-02,17450.0,18900.0,19300.0,17000.0,828876.0,-5573.0,5573.0,0.0,0.006,-7932.0,1450.0,FALL
2016-02-03,17700.0,18100.0,18500.0,17100.0,536479.0,9568.0,-9568.0,0.0,0.003,10131.0,250.0,RISE
2016-02-04,15750.0,17400.0,17500.0,15750.0,510212.0,-997.0,997.0,0.0,0.003,-3270.0,1950.0,FALL
2016-02-05,15650.0,15950.0,16900.0,15500.0,423515.0,-3057.0,3057.0,0.0,0.004,-3049.0,100.0,FALL
2016-02-11,13450.0,14900.0,15150.0,13450.0,372531.0,9529.0,-9529.0,0.0,0.001,9059.0,2200.0,FALL
2016-02-12,12350.0,13350.0,13800.0,11800.0,442170.0,-1650.0,0.0,1650.0,0.001,1650.0,1100.0,FALL
2016-02-15,12250.0,12600.0,13000.0,12100.0,310593.0,-1732.0,1732.0,0.0,0.002,-1982.0,100.0,FALL
2016-02-16,13700.0,12600.0,15150.0,12500.0,1313542.0,-6223.0,7873.0,-1650.0,0.004,-1650.0,1450.0,RISE
2016-02-17,14000.0,13750.0,14850.0,13600.0,493683.0,-7911.0,7911.0,0.0,0.006,-5817.0,300.0,RISE
2016-02-18,13450.0,14350.0,14350.0,13450.0,167237.0,2820.0,-2820.0,0.0,0.005,2820.0,550.0,FALL
2016-02-19,13400.0,13500.0,13700.0,13000.0,240665.0,-16160.0,-2760.0,18920.0,0.005,18920.0,50.0,FALL
2016-02-22,14900.0,14100.0,15550.0,14100.0,809808.0,3284.0,-3284.0,0.0,0.004,9104.0,1500.0,RISE
2016-02-23,14650.0,14950.0,15150.0,14150.0,229748.0,8802.0,-8802.0,0.0,0.001,8795.0,250.0,FALL
2016-02-24,15300.0,14400.0,15300.0,14350.0,146144.0,-932.0,932.0,0.0,0.001,-932.0,650.0,RISE
2016-02-25,14800.0,15600.0,15850.0,14800.0,221754.0,681.0,-681.0,0.0,0.001,1087.0,500.0,FALL
2016-02-26,14600.0,14650.0,15050.0,14250.0,150628.0,231.0,-231.0,0.0,0.001,231.0,200.0,FALL
2016-02-29,14050.0,14550.0,14550.0,13950.0,103800.0,2195.0,-2195.0,0.0,0.001,3944.0,550.0,FALL
2016-03-02,13950.0,14150.0,14250.0,13750.0,103019.0,-6494.0,7940.0,-1446.0,0.003,-1446.0,100.0,FALL
2016-03-03,14100.0,14150.0,14200.0,13700.0,72453.0,1654.0,-1654.0,0.0,0.002,-46.0,150.0,RISE
2016-03-04,14000.0,14000.0,14150.0,13750.0,72178.0,2316.0,-2316.0,0.0,0.002,1612.0,100.0,FALL
2016-03-07,13500.0,14100.0,14100.0,13500.0,66920.0,1328.0,-1328.0,0.0,0.001,1728.0,500.0,FALL
2016-03-08,13100.0,13550.0,13650.0,12950.0,97126.0,-1734.0,1734.0,0.0,0.002,-2053.0,400.0,FALL
2016-03-09,14350.0,13050.0,14650.0,13050.0,358650.0,-377.0,377.0,0.0,0.002,366.0,1250.0,RISE
2016-03-10,14250.0,14250.0,14500.0,14100.0,108256.0,393.0,-393.0,0.0,0.002,250.0,100.0,FALL
2016-03-11,13700.0,14300.0,14600.0,13650.0,143028.0,1274.0,-1274.0,0.0,0.001,1814.0,550.0,FALL
2016-03-14,13500.0,13800.0,13850.0,13250.0,69384.0,1454.0,-1454.0,0.0,0.001,-1046.0,200.0,FALL
2016-03-15,13800.0,13500.0,13800.0,13300.0,53380.0,-5336.0,5336.0,0.0,0.003,-5336.0,300.0,RISE
2016-03-16,13750.0,13800.0,13950.0,13650.0,32272.0,-2866.0,1829.0,1037.0,0.003,1037.0,50.0,FALL
2016-03-17,14950.0,13800.0,15850.0,13800.0,511065.0,-477.0,477.0,0.0,0.003,3422.0,1200.0,RISE
2016-03-18,14700.0,15100.0,15300.0,14500.0,128181.0,-605.0,605.0,0.0,0.003,-1308.0,250.0,FALL
2016-03-21,14500.0,14700.0,14850.0,14350.0,88513.0,-1896.0,1896.0,0.0,0.004,-1396.0,200.0,FALL
2016-03-22,15100.0,14650.0,15900.0,14300.0,191517.0,3697.0,-3697.0,0.0,0.003,3705.0,600.0,RISE
2016-03-23,15950.0,14900.0,15950.0,14850.0,199928.0,34.0,-2634.0,2600.0,0.002,2600.0,850.0,RISE
2016-03-24,16000.0,16950.0,18600.0,16000.0,563883.0,4813.0,-6540.0,1727.0,0.0,1727.0,50.0,RISE
2016-03-25,16000.0,16000.0,16150.0,15300.0,164430.0,1792.0,2535.0,-4327.0,0.001,-4327.0,0.0,EVEN
2016-03-28,15250.0,15700.0,16000.0,15250.0,82403.0,60.0,-60.0,0.0,0.001,23.0,750.0,FALL
2016-03-29,15300.0,15200.0,15750.0,15100.0,57259.0,-5639.0,5639.0,0.0,0.003,-5639.0,50.0,RISE
2016-03-30,15250.0,15600.0,15650.0,15000.0,74079.0,-5214.0,5214.0,0.0,0.004,-5247.0,50.0,FALL
2016-03-31,15450.0,15250.0,15950.0,15200.0,79009.0,-7312.0,7312.0,0.0,0.006,-13512.0,200.0,RISE
2016-04-01,15950.0,15600.0,17100.0,15400.0,257032.0,3912.0,-3912.0,0.0,0.005,2319.0,500.0,RISE
2016-04-04,16400.0,16000.0,16900.0,15800.0,132763.0,2818.0,-2818.0,0.0,0.004,-182.0,450.0,RISE
2016-04-05,16100.0,16450.0,16500.0,15850.0,68456.0,-5990.0,5990.0,0.0,0.006,-5990.0,300.0,FALL
2016-04-06,16050.0,16200.0,16500.0,15850.0,67525.0,2029.0,-2029.0,0.0,0.005,3029.0,50.0,FALL
2016-04-07,18800.0,16150.0,20400.0,15650.0,1183145.0,-10283.0,-10320.0,20603.0,0.0024,20603.0,2750.0,RISE
2016-04-08,19200.0,19700.0,20250.0,18700.0,473647.0,15353.0,-7159.0,-8194.0,0.0003,-8194.0,400.0,RISE
2016-04-11,20300.0,18900.0,20500.0,18250.0,338923.0,-20234.0,-221.0,20455.0,0.0003,20455.0,1100.0,RISE
2016-04-12,23400.0,20550.0,24000.0,20250.0,1195394.0,-113894.0,1831.0,112063.0,0.0008,112063.0,3100.0,RISE
2016-04-14,24400.0,23800.0,26000.0,22450.0,731682.0,-85749.0,1008.0,84741.0,0.0011,84741.0,1000.0,RISE
2016-04-15,23550.0,24450.0,24500.0,23100.0,230902.0,19033.0,-1182.0,-17851.0,0.0008,-17851.0,850.0,FALL
2016-04-18,22200.0,23200.0,23350.0,21600.0,260005.0,-9157.0,5735.0,3422.0,0.0024,3422.0,1350.0,FALL
2016-04-19,25900.0,22250.0,27450.0,21800.0,1047274.0,-610.0,-7279.0,7889.0,0.0003,7889.0,3700.0,RISE
2016-04-20,27650.0,25200.0,27700.0,24800.0,337306.0,871.0,531.0,-1402.0,0.0005,-1402.0,1750.0,RISE
2016-04-21,26750.0,27200.0,28000.0,26000.0,217748.0,8991.0,1009.0,-10000.0,0.0008,-10000.0,900.0,FALL
2016-04-22,25500.0,26100.0,27300.0,25500.0,171828.0,-5128.0,1913.0,3215.0,0.0013,3215.0,1250.0,FALL
2016-04-25,25200.0,25800.0,26750.0,25000.0,140090.0,-8483.0,1083.0,7400.0,0.0016,7400.0,300.0,FALL
2016-04-26,25300.0,25700.0,26350.0,24700.0,161606.0,2245.0,-3345.0,1100.0,0.0007,1100.0,100.0,RISE
2016-04-27,23900.0,25150.0,25150.0,23750.0,194270.0,4681.0,8819.0,-13500.0,0.0032,-13500.0,1400.0,FALL
2016-04-28,23750.0,23650.0,24300.0,23150.0,115947.0,-8999.0,499.0,8500.0,0.0033,8500.0,150.0,FALL
2016-04-29,24450.0,24050.0,24950.0,23650.0,190254.0,-3785.0,-9588.0,13373.0,0.0006,13373.0,700.0,RISE
2016-05-02,23000.0,24350.0,24400.0,23000.0,90722.0,-3895.0,-2005.0,5900.0,0.0,5900.0,1450.0,FALL
2016-05-03,24000.0,23300.0,24900.0,23100.0,115429.0,-2794.0,2055.0,739.0,0.0006,739.0,1000.0,RISE
2016-05-04,22750.0,23800.0,24450.0,22200.0,124152.0,-7448.0,-1852.0,9300.0,0.0001,9300.0,1250.0,FALL
2016-05-09,21200.0,22750.0,23000.0,21150.0,115872.0,857.0,919.0,-1776.0,0.0003,-1776.0,1550.0,FALL
2016-05-10,22450.0,21300.0,22500.0,20800.0,132811.0,-8052.0,10885.0,-2833.0,0.0035,-2833.0,1250.0,RISE
2016-05-11,21800.0,22450.0,22600.0,21200.0,99670.0,-13852.0,2789.0,11063.0,0.0043,11063.0,650.0,FALL
2016-05-12,22300.0,21900.0,22450.0,21500.0,57928.0,4157.0,-4157.0,0.0,0.0031,4157.0,500.0,RISE
2016-05-13,22000.0,22300.0,22350.0,21750.0,41317.0,3433.0,-3340.0,-93.0,0.0021,-93.0,300.0,FALL
2016-05-16,21800.0,22000.0,22200.0,21150.0,46911.0,-3954.0,-1046.0,5000.0,0.0018,5000.0,200.0,FALL
2016-05-17,20950.0,21800.0,22300.0,20150.0,123277.0,-4506.0,-1226.0,5732.0,0.0015,5732.0,850.0,FALL
2016-05-18,19750.0,20900.0,20900.0,19700.0,68383.0,-2954.0,2954.0,0.0,0.0023,-3008.0,1200.0,FALL
2016-05-19,20000.0,19800.0,20250.0,19000.0,72555.0,-9006.0,9006.0,0.0,0.0049,-9626.0,250.0,RISE
2016-05-20,19250.0,19800.0,20400.0,19000.0,89085.0,8818.0,3219.0,-12037.0,0.0058,-12037.0,750.0,FALL
2016-05-23,18600.0,19250.0,19600.0,18150.0,101693.0,-5658.0,9101.0,-3443.0,0.0085,-3443.0,650.0,FALL
2016-05-24,17500.0,18350.0,18700.0,17100.0,180843.0,-10816.0,10816.0,0.0,0.0116,-10821.0,1100.0,FALL
2016-05-25,17550.0,17850.0,18000.0,17400.0,81766.0,-2415.0,2415.0,0.0,0.0123,-2415.0,50.0,RISE
2016-05-26,17050.0,17750.0,17800.0,16500.0,127654.0,-3832.0,3832.0,0.0,0.0134,-3832.0,500.0,FALL
2016-05-27,19050.0,17000.0,19600.0,17000.0,404226.0,7112.0,1013.0,-8125.0,0.0137,-8125.0,2000.0,RISE
2016-05-30,17900.0,18650.0,18750.0,17900.0,108067.0,20296.0,-12959.0,-7337.0,0.0099,-7337.0,1150.0,FALL
2016-05-31,18600.0,18650.0,18950.0,18050.0,135255.0,9308.0,-9308.0,0.0,0.0073,9190.0,700.0,RISE
2016-06-01,18500.0,18600.0,18800.0,18100.0,75174.0,-5914.0,5914.0,0.0,0.009,-5914.0,100.0,FALL
2016-06-02,18950.0,18750.0,19500.0,18650.0,131365.0,4226.0,-10726.0,6500.0,0.0059,6500.0,450.0,RISE
2016-06-03,18400.0,18950.0,19050.0,18250.0,55128.0,3974.0,-3974.0,0.0,0.0047,4044.0,550.0,FALL
2016-06-07,18200.0,18350.0,18700.0,17950.0,47863.0,8189.0,5237.0,-13426.0,0.0062,-13426.0,200.0,FALL
2016-06-08,19050.0,18100.0,19350.0,18100.0,111348.0,-8900.0,-600.0,9500.0,0.0061,9500.0,850.0,RISE
2016-06-09,18600.0,19100.0,19150.0,18350.0,50283.0,4808.0,-4808.0,0.0,0.0047,3604.0,450.0,FALL
2016-06-10,18950.0,18700.0,19050.0,18150.0,62933.0,-1753.0,2753.0,-1000.0,0.0055,-1000.0,350.0,RISE
2016-06-13,18200.0,18600.0,18750.0,18050.0,80098.0,13532.0,-3532.0,-10000.0,0.0053,-10000.0,750.0,FALL
2016-06-14,18400.0,18100.0,18750.0,18050.0,59758.0,9234.0,-234.0,-9000.0,0.0052,-9000.0,200.0,RISE
2016-06-15,18300.0,18400.0,18600.0,18200.0,41709.0,237.0,-237.0,0.0,0.0052,2306.0,100.0,FALL
2016-06-16,17000.0,18400.0,18400.0,16700.0,110281.0,22850.0,-3350.0,-19500.0,0.0042,-19500.0,1300.0,FALL
2016-06-17,16850.0,17150.0,17700.0,16500.0,85392.0,20311.0,9688.0,-29999.0,0.007,-29999.0,150.0,FALL
2016-06-20,17150.0,17000.0,17300.0,16650.0,26363.0,-8404.0,8404.0,0.0,0.0094,-8387.0,300.0,RISE
2016-06-21,16750.0,17300.0,17350.0,16700.0,39830.0,215.0,21.0,-236.0,0.0094,-236.0,400.0,FALL
2016-06-22,16600.0,17050.0,17050.0,16500.0,37146.0,8137.0,2362.0,-10499.0,0.0101,-10499.0,150.0,FALL
2016-06-23,16050.0,16500.0,16500.0,15650.0,47670.0,-2727.0,2716.0,11.0,0.0109,11.0,550.0,FALL
2016-06-24,14450.0,16300.0,16550.0,13500.0,195364.0,26022.0,9991.0,-36013.0,0.0138,-36013.0,1600.0,FALL
2016-06-27,14450.0,13550.0,14600.0,13550.0,114177.0,20602.0,23712.0,-44314.0,0.0206,-44314.0,0.0,EVEN
2016-06-28,15800.0,14500.0,15850.0,14450.0,55535.0,7971.0,-7971.0,0.0,0.0183,8070.0,1350.0,RISE
2016-06-29,15800.0,16100.0,16400.0,15650.0,63272.0,8331.0,-7331.0,-1000.0,0.0162,-1000.0,0.0,EVEN
2016-06-30,15450.0,16050.0,16050.0,15400.0,31555.0,2056.0,-56.0,-2000.0,0.0162,-2000.0,350.0,FALL
2016-07-01,16150.0,15550.0,16150.0,15500.0,38995.0,-4910.0,4910.0,0.0,0.0176,-4760.0,700.0,RISE
2016-07-04,17250.0,16050.0,17350.0,16050.0,95738.0,7984.0,-7984.0,0.0,0.0153,10999.0,1100.0,RISE
2016-07-05,16950.0,17250.0,17250.0,16750.0,39352.0,1761.0,-1761.0,0.0,0.0148,1756.0,300.0,FALL
2016-07-06,16500.0,17000.0,17050.0,16100.0,45218.0,-2103.0,2103.0,0.0,0.0154,-2103.0,450.0,FALL
2016-07-07,17300.0,16650.0,17550.0,16300.0,52468.0,-574.0,574.0,0.0,0.0156,-2574.0,800.0,RISE
2016-07-08,17050.0,17500.0,17500.0,16800.0,23619.0,3538.0,-3538.0,0.0,0.0146,3538.0,250.0,FALL
2016-07-11,17850.0,17350.0,18100.0,17150.0,65860.0,-802.0,802.0,0.0,0.0148,-1802.0,800.0,RISE
2016-07-12,17200.0,17900.0,18050.0,17000.0,42995.0,4199.0,-4199.0,0.0,0.0136,3888.0,650.0,FALL
2016-07-13,17100.0,17250.0,17400.0,16900.0,14430.0,462.0,-131.0,-331.0,0.0135,-331.0,100.0,FALL
2016-07-14,16950.0,16950.0,17200.0,16700.0,17505.0,-282.0,282.0,0.0,0.0136,-254.0,150.0,FALL
2016-07-15,17050.0,17000.0,17300.0,16600.0,21746.0,216.0,-216.0,0.0,0.0136,216.0,100.0,RISE
2016-07-18,16400.0,16800.0,17150.0,16400.0,34548.0,188.0,-188.0,0.0,0.0135,865.0,650.0,FALL
2016-07-19,16500.0,16350.0,16600.0,16300.0,14809.0,-1377.0,1377.0,0.0,0.0139,-1377.0,100.0,RISE
2016-07-20,15750.0,16400.0,16600.0,15750.0,49666.0,10458.0,-984.0,-9474.0,0.0136,-9474.0,750.0,FALL
2016-07-21,15500.0,15800.0,16000.0,15250.0,41088.0,4141.0,2859.0,-7000.0,0.0144,-7000.0,250.0,FALL
2016-07-22,15550.0,15500.0,15950.0,15500.0,21518.0,1639.0,-1639.0,0.0,0.014,4739.0,50.0,RISE
2016-07-25,15750.0,15550.0,15900.0,15550.0,17812.0,194.0,-194.0,0.0,0.0139,469.0,200.0,RISE
2016-07-26,16000.0,15900.0,16250.0,15700.0,25196.0,2829.0,-974.0,-1855.0,0.0136,-1855.0,250.0,RISE
2016-07-27,15800.0,16200.0,16500.0,15700.0,24055.0,2884.0,-2884.0,0.0,0.0128,2884.0,200.0,FALL
2016-07-28,15800.0,15850.0,15950.0,15650.0,14829.0,-933.0,933.0,0.0,0.0113,-933.0,0.0,EVEN
2016-07-29,16050.0,15800.0,16400.0,15800.0,14486.0,-107.0,107.0,0.0,0.0114,-107.0,250.0,RISE
2016-08-01,16600.0,16300.0,16800.0,16100.0,46071.0,1432.0,-1432.0,0.0,0.011,3432.0,550.0,RISE
2016-08-02,17000.0,16600.0,17300.0,16350.0,88553.0,2848.0,-2848.0,0.0,0.0103,11371.0,400.0,RISE
2016-08-03,16900.0,16950.0,17300.0,16700.0,48918.0,4717.0,-3435.0,-1282.0,0.0094,-1282.0,100.0,FALL
2016-08-04,16550.0,17150.0,17200.0,16500.0,45104.0,838.0,-838.0,0.0,0.0092,838.0,350.0,FALL
2016-08-05,17550.0,16600.0,18150.0,16600.0,181978.0,-13951.0,3677.0,10274.0,0.0101,10274.0,1000.0,RISE
2016-08-08,17800.0,17750.0,18400.0,17650.0,103455.0,1108.0,-4424.0,3316.0,0.009,3316.0,250.0,RISE
2016-08-09,17650.0,17850.0,18000.0,17350.0,45579.0,227.0,-2903.0,2676.0,0.0083,2676.0,150.0,FALL
2016-08-10,18600.0,18000.0,18900.0,17850.0,141333.0,-1741.0,1741.0,0.0,0.0087,-1881.0,950.0,RISE
2016-08-11,17500.0,18700.0,18750.0,17500.0,90846.0,1993.0,-6431.0,4438.0,0.0069,4438.0,1100.0,FALL
2016-08-12,17600.0,17800.0,17950.0,17350.0,35947.0,315.0,387.0,-702.0,0.007,-702.0,100.0,RISE
2016-08-16,17000.0,17800.0,17950.0,16850.0,33742.0,4485.0,-3772.0,-713.0,0.006,-713.0,600.0,FALL
2016-08-17,16450.0,17000.0,17100.0,16300.0,36546.0,-220.0,220.0,0.0,0.0061,-220.0,550.0,FALL
2016-08-18,17050.0,16550.0,17050.0,16450.0,32210.0,2330.0,-2330.0,0.0,0.0055,1885.0,600.0,RISE
2016-08-19,17400.0,16700.0,17650.0,16650.0,41351.0,970.0,-970.0,0.0,0.0053,331.0,350.0,RISE
2016-08-22,16800.0,17250.0,17550.0,16700.0,45552.0,7188.0,-5281.0,-1907.0,0.0039,-1907.0,600.0,FALL
2016-08-23,15850.0,16800.0,16800.0,15700.0,70627.0,882.0,-399.0,-483.0,0.0038,-483.0,950.0,FALL
2016-08-24,16000.0,15900.0,16200.0,15550.0,26561.0,2184.0,-383.0,-1801.0,0.0037,-1801.0,150.0,RISE
2016-08-25,15600.0,15900.0,16050.0,15500.0,30709.0,530.0,-530.0,0.0,0.0036,541.0,400.0,FALL
2016-08-26,15950.0,15550.0,16050.0,15550.0,18601.0,651.0,-651.0,0.0,0.0034,585.0,350.0,RISE
2016-08-29,14800.0,15700.0,15900.0,14800.0,42852.0,1760.0,-1760.0,0.0,0.0032,1760.0,1150.0,FALL
2016-08-30,15050.0,14800.0,15250.0,14800.0,32796.0,-5477.0,5477.0,0.0,0.0045,-4477.0,250.0,RISE
2016-08-31,15000.0,14950.0,15150.0,14500.0,22451.0,-1229.0,1229.0,0.0,0.0049,-1229.0,50.0,FALL
2016-09-01,14750.0,15150.0,15150.0,14700.0,14598.0,855.0,-855.0,0.0,0.0046,855.0,250.0,FALL
2016-09-02,14750.0,14800.0,14950.0,14600.0,23795.0,3905.0,2785.0,-6690.0,0.0053,-6690.0,0.0,EVEN
2016-09-05,14950.0,14900.0,15350.0,14750.0,27645.0,-1648.0,2026.0,-378.0,0.0058,-378.0,200.0,RISE
2016-09-06,15300.0,15100.0,15300.0,15050.0,18355.0,-661.0,661.0,0.0,0.006,-705.0,350.0,RISE
2016-09-07,14950.0,15450.0,15500.0,14950.0,17370.0,3034.0,-3034.0,0.0,0.0053,3023.0,350.0,FALL
2016-09-08,14500.0,15000.0,15100.0,14450.0,29976.0,1743.0,-1743.0,0.0,0.0048,1733.0,450.0,FALL
2016-09-09,14400.0,14500.0,14550.0,14200.0,9788.0,-299.0,299.0,0.0,0.0049,-300.0,100.0,FALL
2016-09-12,13850.0,14300.0,14400.0,13800.0,15601.0,465.0,-465.0,0.0,0.0048,395.0,550.0,FALL
2016-09-13,14300.0,13950.0,14300.0,13850.0,12123.0,-2295.0,2326.0,-31.0,0.0055,-31.0,450.0,RISE
2016-09-19,14850.0,14300.0,15050.0,14300.0,22861.0,-1157.0,1157.0,0.0,0.0058,-1157.0,550.0,RISE
2016-09-20,15050.0,14750.0,15100.0,14750.0,10085.0,-660.0,660.0,0.0,0.0059,-660.0,200.0,RISE
2016-09-21,15200.0,15100.0,15200.0,14850.0,13076.0,346.0,-346.0,0.0,0.0058,346.0,150.0,RISE
2016-09-22,15400.0,15250.0,15800.0,15050.0,20797.0,176.0,-176.0,0.0,0.0058,176.0,200.0,RISE
2016-09-23,15150.0,15600.0,15600.0,14950.0,12766.0,712.0,-712.0,0.0,0.0056,712.0,250.0,FALL
2016-09-26,14500.0,15250.0,15250.0,14450.0,43411.0,9450.0,99.0,-9549.0,0.0057,-9549.0,650.0,FALL
2016-09-27,14800.0,14650.0,14900.0,14300.0,13362.0,-429.0,429.0,0.0,0.0058,-319.0,300.0,RISE
2016-09-28,14700.0,14800.0,14850.0,14650.0,13353.0,699.0,801.0,-1500.0,0.006,-1500.0,100.0,FALL
2016-09-29,14500.0,14900.0,14900.0,14350.0,16329.0,2869.0,631.0,-3500.0,0.0061,-3500.0,200.0,FALL
2016-09-30,14150.0,14400.0,14400.0,14050.0,17873.0,-549.0,549.0,0.0,0.0063,-117.0,350.0,FALL
2016-10-04,14600.0,14350.0,14600.0,14250.0,9564.0,-1615.0,1615.0,0.0,0.0067,-1615.0,450.0,RISE
2016-10-05,14400.0,14550.0,14650.0,14200.0,11644.0,-276.0,276.0,0.0,0.0067,-276.0,200.0,FALL
2016-10-06,14250.0,14500.0,14700.0,14000.0,29481.0,-1550.0,1550.0,0.0,0.0071,-1550.0,150.0,FALL
2016-10-07,14100.0,14250.0,14250.0,13950.0,20744.0,-1941.0,1941.0,0.0,0.0076,-1941.0,150.0,FALL
2016-10-10,14000.0,14000.0,14200.0,13850.0,25874.0,3543.0,-1543.0,-2000.0,0.0072,-2000.0,100.0,FALL
2016-10-11,13850.0,13900.0,14000.0,13700.0,27420.0,2302.0,-2302.0,0.0,0.0066,2794.0,150.0,FALL
2016-10-12,13800.0,13850.0,13900.0,13600.0,17502.0,-1023.0,1023.0,0.0,0.0069,-1023.0,50.0,FALL
2016-10-13,13600.0,13850.0,13850.0,13500.0,13522.0,475.0,-475.0,0.0,0.0068,475.0,200.0,FALL
2016-10-14,13200.0,13550.0,13550.0,13100.0,26103.0,6022.0,1201.0,-7223.0,0.0071,-7223.0,400.0,FALL
2016-10-17,12650.0,13100.0,13200.0,12550.0,42574.0,1169.0,2247.0,-3416.0,0.0076,-3416.0,550.0,FALL
2016-10-18,13150.0,12750.0,14000.0,12600.0,101861.0,4186.0,1044.0,-5230.0,0.0079,-5230.0,500.0,RISE
2016-10-19,13700.0,13150.0,13850.0,13000.0,39675.0,-4090.0,-733.0,4823.0,0.0077,4823.0,550.0,RISE
2016-10-20,13000.0,13700.0,13850.0,12900.0,34888.0,5617.0,491.0,-6108.0,0.0078,-6108.0,700.0,FALL
2016-10-21,13000.0,13150.0,13250.0,12800.0,18490.0,8405.0,645.0,-9050.0,0.008,-9050.0,0.0,EVEN
2016-10-24,13000.0,13200.0,13200.0,12800.0,7102.0,1141.0,-1141.0,0.0,0.0077,1141.0,0.0,EVEN
2016-10-25,13000.0,12900.0,13150.0,12750.0,19682.0,194.0,-194.0,0.0,0.0077,194.0,0.0,EVEN
2016-10-26,13050.0,12900.0,13150.0,12800.0,16359.0,2861.0,-152.0,-2709.0,0.0076,-2709.0,50.0,RISE
2016-10-27,13450.0,13050.0,13450.0,13000.0,15769.0,-1317.0,1317.0,0.0,0.008,-1317.0,400.0,RISE
2016-10-28,13700.0,13350.0,13900.0,13350.0,12356.0,1010.0,-1010.0,0.0,0.0077,1010.0,250.0,RISE
2016-10-31,13150.0,13550.0,13700.0,13000.0,22526.0,7264.0,-2585.0,-4679.0,0.0071,-4679.0,550.0,FALL
2016-11-01,13000.0,13100.0,13250.0,12900.0,9514.0,138.0,89.0,-227.0,0.0071,-227.0,150.0,FALL
2016-11-02,12250.0,12900.0,13100.0,12250.0,38246.0,7643.0,-2835.0,-4808.0,0.0064,-4808.0,750.0,FALL
2016-11-03,12400.0,11900.0,12400.0,11900.0,14342.0,-2281.0,2281.0,0.0,0.0069,-2281.0,150.0,RISE
2016-11-04,12400.0,12400.0,12400.0,12000.0,13907.0,-380.0,380.0,0.0,0.007,-380.0,0.0,EVEN
2016-11-07,12550.0,12550.0,12700.0,12400.0,10914.0,-2046.0,2046.0,0.0,0.0076,-2046.0,150.0,RISE
2016-11-08,12500.0,12700.0,12700.0,12250.0,11740.0,452.0,-452.0,0.0,0.0074,402.0,50.0,FALL
2016-11-09,11300.0,12500.0,12500.0,10800.0,74904.0,20084.0,-987.0,-19097.0,0.0072,-19097.0,1200.0,FALL
2016-11-10,11950.0,11700.0,12050.0,11600.0,28221.0,-212.0,212.0,0.0,0.0072,-1212.0,650.0,RISE
2016-11-11,12150.0,12000.0,12150.0,11700.0,12951.0,-1189.0,1189.0,0.0,0.0075,-1189.0,200.0,RISE
2016-11-14,12350.0,12250.0,12400.0,12100.0,12132.0,-2074.0,2074.0,0.0,0.0081,-2074.0,200.0,RISE
2016-11-15,12750.0,12450.0,12900.0,12450.0,21551.0,-545.0,1013.0,-468.0,0.0083,-468.0,400.0,RISE
2016-11-16,13050.0,12850.0,13100.0,12850.0,9068.0,-554.0,554.0,0.0,0.0085,-877.0,300.0,RISE
2016-11-17,12800.0,12900.0,13050.0,12550.0,11448.0,185.0,70.0,-255.0,0.0085,-255.0,250.0,FALL
2016-11-18,12800.0,12800.0,12900.0,12600.0,9953.0,866.0,-189.0,-677.0,0.0084,-677.0,0.0,EVEN
2016-11-21,12750.0,12650.0,12800.0,12500.0,11055.0,6161.0,-82.0,-6079.0,0.0084,-6079.0,50.0,FALL
2016-11-22,12500.0,12850.0,12900.0,12500.0,15995.0,2544.0,-233.0,-2311.0,0.0083,-2311.0,250.0,FALL
2016-11-23,12300.0,12650.0,12650.0,12200.0,24426.0,-703.0,1050.0,-347.0,0.0086,-347.0,200.0,FALL
2016-11-24,12050.0,12400.0,12450.0,12050.0,12558.0,-457.0,457.0,0.0,0.0087,-457.0,250.0,FALL
2016-11-25,12400.0,11950.0,12400.0,11950.0,9220.0,-2682.0,2682.0,0.0,0.0094,-2682.0,350.0,RISE
2016-11-28,12650.0,12400.0,12800.0,12400.0,15108.0,-2703.0,2703.0,0.0,0.0101,-2703.0,250.0,RISE
2016-11-29,12750.0,12600.0,12800.0,12500.0,10357.0,-777.0,777.0,0.0,0.0103,-777.0,100.0,RISE
2016-11-30,12750.0,12750.0,12850.0,12650.0,8287.0,1460.0,-1460.0,0.0,0.0099,1460.0,0.0,EVEN
2016-12-01,12900.0,12700.0,12900.0,12600.0,7882.0,120.0,-120.0,0.0,0.0099,120.0,150.0,RISE
2016-12-02,12650.0,12900.0,12900.0,12600.0,6467.0,972.0,-972.0,0.0,0.0096,972.0,250.0,FALL
2016-12-05,12450.0,12700.0,12700.0,12350.0,11468.0,778.0,-778.0,0.0,0.0094,778.0,200.0,FALL
2016-12-06,12600.0,12500.0,12650.0,12450.0,4040.0,-233.0,233.0,0.0,0.0095,-233.0,150.0,RISE
2016-12-07,12700.0,12700.0,12700.0,12550.0,7199.0,-220.0,220.0,0.0,0.0095,-220.0,100.0,RISE
2016-12-08,12700.0,12700.0,12750.0,12600.0,3349.0,-279.0,279.0,0.0,0.0096,-279.0,0.0,EVEN
2016-12-09,12800.0,12700.0,12800.0,12550.0,10228.0,-640.0,640.0,0.0,0.0098,-640.0,100.0,RISE
2016-12-12,12800.0,12900.0,12900.0,12650.0,6799.0,-481.0,481.0,0.0,0.0099,-481.0,0.0,EVEN
2016-12-13,13400.0,12900.0,13550.0,12800.0,27378.0,-75.0,75.0,0.0,0.0099,-75.0,600.0,RISE
2016-12-14,14000.0,13500.0,14050.0,13450.0,34371.0,-3539.0,1357.0,2182.0,0.0103,2182.0,600.0,RISE
2016-12-15,13900.0,13950.0,13950.0,13600.0,11034.0,-268.0,268.0,0.0,0.0103,-268.0,100.0,FALL
2016-12-16,14600.0,13850.0,14600.0,13850.0,30536.0,-490.0,-1090.0,1580.0,0.01,1580.0,700.0,RISE
2016-12-19,14400.0,14400.0,14550.0,14200.0,13772.0,1433.0,-1433.0,0.0,0.0097,1483.0,200.0,FALL
2016-12-20,13950.0,14300.0,14650.0,13950.0,12566.0,-809.0,-134.0,943.0,0.0097,943.0,450.0,FALL
2016-12-21,14000.0,13950.0,14100.0,13800.0,6592.0,-1859.0,283.0,1576.0,0.0097,1576.0,50.0,RISE
2016-12-22,14750.0,14150.0,14900.0,13750.0,59443.0,-1930.0,1930.0,0.0,0.0102,-339.0,750.0,RISE
2016-12-23,14700.0,14750.0,15050.0,14500.0,32810.0,-667.0,-2881.0,3548.0,0.0088,3548.0,50.0,FALL
2016-12-26,14700.0,14700.0,14900.0,14450.0,15139.0,1427.0,-1427.0,0.0,0.0085,1427.0,0.0,EVEN
2016-12-27,14850.0,14700.0,15400.0,14600.0,59603.0,349.0,-134.0,-215.0,0.0085,-215.0,150.0,RISE
2016-12-28,14500.0,15000.0,15000.0,14400.0,15761.0,2214.0,-2214.0,0.0,0.0079,2214.0,350.0,FALL
2016-12-29,14300.0,14400.0,14600.0,14050.0,15387.0,-384.0,384.0,0.0,0.008,-384.0,200.0,FALL
2017-01-02,14450.0,14150.0,14450.0,13900.0,9930.0,833.0,-847.0,14.0,0.0078,14.0,150.0,RISE
2017-01-03,14400.0,14500.0,14500.0,14200.0,12724.0,456.0,-456.0,0.0,0.0077,456.0,50.0,FALL
2017-01-04,14200.0,14450.0,14450.0,14150.0,6959.0,681.0,-681.0,0.0,0.0075,681.0,200.0,FALL
2017-01-05,14250.0,14250.0,14400.0,14100.0,5882.0,-123.0,123.0,0.0,0.0075,-373.0,50.0,RISE
2017-01-06,14300.0,14250.0,14350.0,14200.0,5355.0,129.0,-129.0,0.0,0.0075,129.0,50.0,RISE
2017-01-09,14000.0,14500.0,14500.0,13800.0,13592.0,3208.0,-1231.0,-1977.0,0.0072,-1977.0,300.0,FALL
2017-01-10,13750.0,14050.0,14050.0,13400.0,20173.0,-9.0,589.0,-580.0,0.0073,-580.0,250.0,FALL
2017-01-11,13900.0,13750.0,14150.0,13600.0,8998.0,-104.0,104.0,0.0,0.0074,-104.0,150.0,RISE
2017-01-12,13700.0,14000.0,14000.0,13300.0,10967.0,4291.0,-457.0,-3834.0,0.0072,-3834.0,200.0,FALL
2017-01-13,13600.0,13650.0,13750.0,13400.0,5801.0,83.0,-83.0,0.0,0.0072,-167.0,100.0,FALL
2017-01-16,13550.0,13700.0,13950.0,13400.0,11712.0,1708.0,-1708.0,0.0,0.0068,1458.0,50.0,FALL
2017-01-17,13600.0,13600.0,13600.0,13400.0,8509.0,-2379.0,-121.0,2500.0,0.0068,2500.0,50.0,RISE
2017-01-18,13750.0,13600.0,13750.0,13450.0,7686.0,-344.0,344.0,0.0,0.0069,-344.0,150.0,RISE
2017-01-19,13700.0,13800.0,13800.0,13400.0,6986.0,515.0,-515.0,0.0,0.0067,515.0,50.0,FALL
2017-01-20,13850.0,13550.0,14000.0,13500.0,8799.0,-219.0,219.0,0.0,0.0068,281.0,150.0,RISE
2017-01-23,13800.0,14000.0,14000.0,13600.0,10751.0,192.0,-192.0,0.0,0.0067,192.0,50.0,FALL
2017-01-24,13150.0,13800.0,13800.0,13150.0,29573.0,2709.0,-1006.0,-1703.0,0.0065,-1703.0,650.0,FALL
2017-01-25,13500.0,13300.0,13550.0,13150.0,14234.0,-1092.0,1092.0,0.0,0.0068,-592.0,350.0,RISE
2017-01-26,13550.0,13400.0,13750.0,13400.0,13393.0,-155.0,155.0,0.0,0.0068,345.0,50.0,RISE
2017-01-31,13950.0,13700.0,14400.0,13600.0,25330.0,-18.0,18.0,0.0,0.0068,982.0,400.0,RISE
2017-02-01,14250.0,14000.0,14450.0,13950.0,11717.0,-49.0,49.0,0.0,0.0068,-49.0,300.0,RISE
2017-02-02,14000.0,14400.0,14400.0,13800.0,13191.0,192.0,-192.0,0.0,0.0068,192.0,250.0,FALL
2017-02-03,13800.0,14200.0,14200.0,13800.0,8337.0,94.0,-94.0,0.0,0.0067,94.0,200.0,FALL
2017-02-06,13950.0,13700.0,14200.0,13450.0,10841.0,164.0,-164.0,0.0,0.0067,164.0,150.0,RISE
2017-02-07,13700.0,13750.0,13950.0,13450.0,14869.0,585.0,-585.0,0.0,0.0065,585.0,250.0,FALL
2017-02-08,13550.0,13700.0,13700.0,13400.0,6948.0,626.0,-626.0,0.0,0.0064,526.0,150.0,FALL
2017-02-09,13650.0,13450.0,13650.0,13350.0,12181.0,37.0,-37.0,0.0,0.0064,-13.0,100.0,RISE
2017-02-10,13900.0,13700.0,13950.0,13600.0,8564.0,-713.0,713.0,0.0,0.0066,-713.0,250.0,RISE
2017-02-13,13900.0,13800.0,14100.0,13800.0,7145.0,-407.0,407.0,0.0,0.0067,-848.0,0.0,EVEN
2017-02-14,13850.0,14100.0,14100.0,13750.0,2241.0,550.0,-550.0,0.0,0.0065,550.0,50.0,FALL
2017-02-15,13850.0,13700.0,14100.0,13600.0,27461.0,-2490.0,2705.0,-215.0,0.0072,-215.0,0.0,EVEN
2017-02-16,13500.0,13950.0,13950.0,13400.0,39449.0,-993.0,993.0,0.0,0.0075,-1098.0,350.0,FALL
2017-02-17,13650.0,13500.0,13650.0,13350.0,11516.0,-1098.0,1098.0,0.0,0.0077,-1093.0,150.0,RISE
2017-02-20,13600.0,13600.0,13700.0,13450.0,9551.0,611.0,-611.0,0.0,0.0076,511.0,50.0,FALL
2017-02-21,13850.0,13450.0,13900.0,13450.0,26203.0,110.0,-110.0,0.0,0.0075,-140.0,250.0,RISE
2017-02-22,13700.0,13850.0,13950.0,13700.0,4700.0,16.0,-16.0,0.0,0.0075,-12.0,150.0,FALL
2017-02-23,13500.0,13850.0,13850.0,13500.0,10788.0,1337.0,-1277.0,-60.0,0.0072,-60.0,200.0,FALL
2017-02-24,13600.0,13500.0,13650.0,13250.0,10789.0,1348.0,-1348.0,0.0,0.0069,2676.0,100.0,RISE
2017-02-27,13400.0,13550.0,13600.0,13400.0,7275.0,1788.0,-1788.0,0.0,0.0064,-1042.0,200.0,FALL
2017-02-28,13650.0,13300.0,14800.0,13300.0,133981.0,12048.0,245.0,-12293.0,0.0065,-12293.0,250.0,RISE
2017-03-02,13750.0,13650.0,13850.0,13500.0,14919.0,-444.0,445.0,-1.0,0.0066,-1.0,100.0,RISE
2017-03-03,13350.0,13950.0,13950.0,13150.0,34609.0,4905.0,-4905.0,0.0,0.0054,9324.0,400.0,FALL
2017-03-06,13300.0,13200.0,13350.0,13000.0,12331.0,204.0,-204.0,0.0,0.0053,179.0,50.0,FALL
2017-03-07,13300.0,13250.0,13450.0,13150.0,8729.0,646.0,-646.0,0.0,0.0052,-625.0,0.0,EVEN
2017-03-08,13350.0,13300.0,13450.0,13150.0,6163.0,240.0,-240.0,0.0,0.0051,-695.0,50.0,RISE
2017-03-09,13100.0,13400.0,13450.0,13050.0,10399.0,5928.0,-1314.0,-4614.0,0.0048,-4614.0,250.0,FALL
2017-03-10,13200.0,13050.0,13450.0,12700.0,24166.0,3269.0,-706.0,-2563.0,0.0046,-2563.0,100.0,RISE
2017-03-13,13300.0,13400.0,13500.0,13200.0,34372.0,-2624.0,2624.0,0.0,0.0053,-8757.0,100.0,RISE
2017-03-14,13400.0,13300.0,13500.0,13000.0,29035.0,-1388.0,1388.0,0.0,0.0056,-2352.0,100.0,RISE
2017-03-15,13200.0,13200.0,13400.0,13100.0,25636.0,1768.0,-1768.0,0.0,0.0052,-13509.0,200.0,FALL
2017-03-16,13250.0,13300.0,13300.0,13100.0,7959.0,-1286.0,1286.0,0.0,0.0055,-1286.0,50.0,RISE
2017-03-17,13700.0,13300.0,13850.0,13050.0,49643.0,-4026.0,4026.0,0.0,0.0065,10553.0,450.0,RISE
2017-03-20,13800.0,13850.0,13850.0,13450.0,8335.0,1270.0,-1270.0,0.0,0.0062,1270.0,100.0,RISE
2017-03-21,14550.0,13850.0,16250.0,13750.0,249522.0,2373.0,-2373.0,0.0,0.0056,-24077.0,750.0,RISE
2017-03-22,14300.0,14300.0,14900.0,14000.0,43185.0,211.0,-211.0,0.0,0.0055,2706.0,250.0,FALL
2017-03-23,13850.0,14200.0,14450.0,13700.0,29071.0,115.0,34.0,-149.0,0.0055,-149.0,450.0,FALL
2017-03-24,14150.0,13900.0,14200.0,13700.0,21374.0,-91.0,91.0,0.0,0.0056,-91.0,300.0,RISE
2017-03-27,14900.0,14300.0,15250.0,14150.0,156091.0,5833.0,-5833.0,0.0,0.0041,-24106.0,750.0,RISE
2017-03-28,14700.0,15000.0,15300.0,14550.0,70132.0,-1291.0,1361.0,-70.0,0.0044,-70.0,200.0,FALL
2017-03-29,14450.0,14700.0,14950.0,14100.0,55996.0,-2168.0,2168.0,0.0,0.005,27163.0,250.0,FALL
2017-03-30,14100.0,14400.0,14600.0,13950.0,69000.0,7311.0,1830.0,-9141.0,0.0054,-9141.0,350.0,FALL
2017-03-31,13850.0,14050.0,14150.0,13850.0,20057.0,-573.0,579.0,-6.0,0.0062,-6.0,250.0,FALL
2017-04-03,14150.0,13850.0,14150.0,13800.0,24299.0,-1204.0,1211.0,-7.0,0.0066,-7.0,300.0,RISE
2017-04-04,14000.0,14200.0,14200.0,13900.0,20500.0,2664.0,-2664.0,0.0,0.0059,7117.0,150.0,FALL
2017-04-05,14200.0,14050.0,14400.0,13950.0,30036.0,-1769.0,1769.0,0.0,0.0063,1600.0,200.0,RISE
2017-04-06,14050.0,14250.0,14250.0,13900.0,30357.0,2143.0,-2143.0,0.0,0.0058,12153.0,150.0,FALL
2017-04-07,14050.0,14050.0,14200.0,14000.0,19167.0,-2205.0,2205.0,0.0,0.0063,1795.0,0.0,EVEN
2017-04-10,13850.0,14050.0,14100.0,13600.0,37634.0,5275.0,-5275.0,0.0,0.005,7275.0,200.0,FALL
2017-04-11,13600.0,13700.0,13900.0,13600.0,19239.0,-1297.0,1297.0,0.0,0.0053,3203.0,250.0,FALL
2017-04-12,13550.0,13550.0,13650.0,13400.0,26151.0,-494.0,494.0,0.0,0.0055,2040.0,50.0,FALL
2017-04-13,13750.0,13400.0,13900.0,13400.0,22366.0,-5645.0,5645.0,0.0,0.0069,-4328.0,200.0,RISE
2017-04-14,13450.0,13650.0,13750.0,13400.0,14600.0,1659.0,-1659.0,0.0,0.0065,909.0,300.0,FALL
2017-04-17,13650.0,13550.0,13650.0,13500.0,6204.0,-1331.0,1331.0,0.0,0.0068,-2082.0,200.0,RISE
2017-04-18,13750.0,13750.0,13800.0,13600.0,13528.0,785.0,-785.0,0.0,0.0066,246.0,100.0,RISE
2017-04-19,13650.0,13700.0,13800.0,13550.0,11867.0,-885.0,885.0,0.0,0.0068,-985.0,100.0,FALL
2017-04-20,13900.0,13650.0,13950.0,13500.0,22759.0,-3649.0,3649.0,0.0,0.0077,-3649.0,250.0,RISE
2017-04-21,13700.0,13900.0,13950.0,13600.0,22751.0,-788.0,788.0,0.0,0.0079,-7088.0,200.0,FALL
2017-04-24,13600.0,13700.0,13700.0,13500.0,10889.0,1707.0,-1707.0,0.0,0.0075,1701.0,100.0,FALL
2017-04-25,13650.0,13600.0,13700.0,13450.0,11854.0,-378.0,378.0,0.0,0.0076,-378.0,50.0,RISE
2017-04-26,13850.0,13650.0,13900.0,13500.0,22821.0,-5465.0,5465.0,0.0,0.009,-5465.0,200.0,RISE
2017-04-27,13800.0,13850.0,14000.0,13750.0,12724.0,201.0,-201.0,0.0,0.0089,201.0,50.0,FALL
2017-04-28,13800.0,13800.0,13850.0,13600.0,18073.0,830.0,-830.0,0.0,0.0087,830.0,0.0,EVEN
2017-05-02,13800.0,13800.0,13850.0,13650.0,9909.0,74.0,-74.0,0.0,0.0087,-176.0,0.0,EVEN
2017-05-04,13600.0,13700.0,13800.0,13500.0,32376.0,-2366.0,2366.0,0.0,0.0093,-5057.0,200.0,FALL
2017-05-08,13700.0,13600.0,13750.0,13550.0,15831.0,-2269.0,2269.0,0.0,0.0099,-769.0,100.0,RISE
2017-05-10,13700.0,13800.0,13800.0,13600.0,15491.0,-1329.0,1329.0,0.0,0.0102,-1329.0,0.0,EVEN
2017-05-11,13700.0,13800.0,13850.0,13600.0,15266.0,-2586.0,2586.0,0.0,0.0108,-2586.0,0.0,EVEN
2017-05-12,13750.0,13750.0,13750.0,13650.0,14627.0,-1004.0,1004.0,0.0,0.0111,-504.0,50.0,RISE
2017-05-15,13900.0,13800.0,14050.0,13700.0,17705.0,-1629.0,1629.0,0.0,0.0115,-1629.0,150.0,RISE
2017-05-16,13100.0,13750.0,13950.0,13100.0,91481.0,6294.0,-6294.0,0.0,0.0099,19746.0,800.0,FALL
2017-05-17,13250.0,13100.0,13250.0,12850.0,22864.0,491.0,-491.0,0.0,0.0098,-2946.0,150.0,RISE
2017-05-18,12650.0,13000.0,13100.0,12650.0,55618.0,4614.0,-4614.0,0.0,0.0086,7409.0,600.0,FALL
2017-05-19,12400.0,12650.0,12750.0,12350.0,34776.0,-2171.0,2171.0,0.0,0.0092,-3345.0,250.0,FALL
2017-05-22,12300.0,12500.0,12500.0,12100.0,22638.0,-2179.0,2179.0,0.0,0.0097,-5183.0,100.0,FALL
2017-05-23,12550.0,12300.0,12550.0,12250.0,12483.0,-1047.0,1047.0,0.0,0.01,-1047.0,250.0,RISE
2017-05-24,12400.0,12550.0,12550.0,12400.0,10011.0,-44.0,44.0,0.0,0.01,-44.0,150.0,FALL
2017-05-25,12550.0,12550.0,12600.0,12400.0,11686.0,-126.0,126.0,0.0,0.01,-126.0,150.0,RISE
2017-05-26,12500.0,12450.0,12600.0,12400.0,12738.0,-298.0,298.0,0.0,0.0101,593.0,50.0,FALL
2017-05-29,12300.0,12700.0,12800.0,12050.0,38569.0,1809.0,-1809.0,0.0,0.0097,-142.0,200.0,FALL
2017-05-30,12300.0,12300.0,12400.0,12050.0,17134.0,-2345.0,2345.0,0.0,0.0102,-2595.0,0.0,EVEN
2017-05-31,12500.0,12200.0,12500.0,12150.0,22466.0,-869.0,869.0,0.0,0.0105,3292.0,200.0,RISE
2017-06-01,12200.0,12350.0,12500.0,12200.0,12568.0,735.0,-735.0,0.0,0.0103,735.0,300.0,FALL
2017-06-02,12200.0,12250.0,12350.0,12150.0,14013.0,-354.0,-906.0,1260.0,0.0101,1260.0,0.0,EVEN
2017-06-05,12350.0,12300.0,12450.0,12250.0,12959.0,-824.0,-436.0,1260.0,0.0099,1260.0,150.0,RISE
2017-06-07,12250.0,12450.0,12450.0,12150.0,10197.0,-581.0,-679.0,1260.0,0.0098,1260.0,100.0,FALL
2017-06-08,12150.0,12200.0,12300.0,12100.0,16029.0,-694.0,-566.0,1260.0,0.0096,1260.0,100.0,FALL
2017-06-09,12450.0,12200.0,12550.0,12150.0,23570.0,-4666.0,2608.0,2058.0,0.0103,2058.0,300.0,RISE
2017-06-12,12500.0,12500.0,12750.0,12400.0,16383.0,6025.0,-8763.0,2738.0,0.0081,2738.0,50.0,RISE
2017-06-13,12350.0,12350.0,12500.0,12300.0,12939.0,0.0,0.0,0.0,0.0081,6025.0,150.0,FALL
2017-06-14,12300.0,12450.0,12450.0,12200.0,18495.0,-2643.0,2643.0,0.0,0.0088,-3103.0,50.0,FALL
2017-06-15,12300.0,12400.0,12450.0,12200.0,19855.0,-1301.0,1301.0,0.0,0.0091,-1301.0,0.0,EVEN
2017-06-16,12550.0,12500.0,12650.0,12350.0,20293.0,-2487.0,2487.0,0.0,0.0097,-2487.0,250.0,RISE
2017-06-19,12500.0,12550.0,12600.0,12300.0,15353.0,501.0,-501.0,0.0,0.0096,501.0,50.0,FALL
2017-06-20,12350.0,12600.0,12700.0,12200.0,28398.0,3963.0,-3963.0,0.0,0.0086,3963.0,150.0,FALL
2017-06-21,12200.0,12350.0,12350.0,12150.0,12325.0,1132.0,-1132.0,0.0,0.0083,1132.0,150.0,FALL
2017-06-22,12100.0,12250.0,12300.0,12000.0,19832.0,1905.0,-1905.0,0.0,0.0078,1905.0,100.0,FALL
2017-06-23,12250.0,12050.0,12250.0,12050.0,10292.0,-533.0,533.0,0.0,0.008,-533.0,150.0,RISE
2017-06-26,12200.0,12150.0,12350.0,12100.0,9608.0,434.0,-434.0,0.0,0.0078,434.0,50.0,FALL
2017-06-27,12100.0,12150.0,12250.0,12100.0,10231.0,151.0,-151.0,0.0,0.0078,151.0,100.0,FALL
2017-06-28,12200.0,12100.0,12200.0,12050.0,10067.0,119.0,-119.0,0.0,0.0078,-970.0,100.0,RISE
2017-06-29,12150.0,12200.0,12250.0,12100.0,6046.0,154.0,-154.0,0.0,0.0077,154.0,50.0,FALL
2017-06-30,12000.0,12000.0,12150.0,11950.0,16826.0,234.0,-234.0,0.0,0.0077,1323.0,150.0,FALL
2017-07-03,11950.0,12050.0,12150.0,11950.0,6975.0,-1096.0,99.0,997.0,0.0077,997.0,50.0,FALL
2017-07-04,11950.0,11950.0,12100.0,11850.0,8077.0,35.0,-35.0,0.0,0.0077,-3814.0,0.0,EVEN
2017-07-05,12050.0,12100.0,12100.0,11750.0,10796.0,944.0,-944.0,0.0,0.0075,939.0,100.0,RISE
2017-07-06,11850.0,11900.0,12100.0,11850.0,5578.0,-3.0,3.0,0.0,0.0075,-803.0,200.0,FALL
2017-07-07,11800.0,11900.0,11900.0,11550.0,18944.0,320.0,-320.0,0.0,0.0074,-5182.0,50.0,FALL
2017-07-10,11550.0,11700.0,11800.0,11450.0,20095.0,474.0,-474.0,0.0,0.0073,978.0,250.0,FALL
2017-07-11,11550.0,11500.0,11650.0,11400.0,15190.0,-666.0,666.0,0.0,0.0074,2813.0,0.0,EVEN
2017-07-12,11450.0,11550.0,11600.0,11350.0,5059.0,-178.0,178.0,0.0,0.0075,-178.0,100.0,FALL
2017-07-13,11800.0,11450.0,12100.0,11350.0,18435.0,1436.0,-1436.0,0.0,0.0071,936.0,350.0,RISE
2017-07-14,11600.0,11550.0,11750.0,11400.0,12175.0,123.0,-123.0,0.0,0.0071,123.0,200.0,FALL
2017-07-17,11550.0,11600.0,11700.0,11450.0,2518.0,624.0,-624.0,0.0,0.0069,624.0,50.0,FALL
2017-07-18,11550.0,11550.0,11550.0,11400.0,2539.0,851.0,-851.0,0.0,0.0067,851.0,0.0,EVEN
2017-07-19,11400.0,11450.0,11550.0,11050.0,18852.0,-23.0,23.0,0.0,0.0067,-3794.0,150.0,FALL
2017-07-20,11200.0,11300.0,11400.0,11200.0,16657.0,-281.0,281.0,0.0,0.0068,5382.0,200.0,FALL
2017-07-21,11300.0,11200.0,11400.0,11150.0,5684.0,-312.0,312.0,0.0,0.0069,-86.0,100.0,RISE
2017-07-24,11200.0,11300.0,11350.0,11200.0,5479.0,202.0,-202.0,0.0,0.0068,132.0,100.0,FALL
2017-07-25,11500.0,11200.0,12050.0,11200.0,56188.0,572.0,-572.0,0.0,0.0067,572.0,300.0,RISE
2017-07-26,11450.0,11500.0,11650.0,11400.0,9512.0,-77.0,77.0,0.0,0.0067,-149.0,50.0,FALL
2017-07-27,11400.0,11650.0,11650.0,11150.0,15993.0,-359.0,359.0,0.0,0.0068,-1572.0,50.0,FALL
2017-07-28,11150.0,11400.0,11400.0,11050.0,15764.0,142.0,-142.0,0.0,0.0068,121.0,250.0,FALL
2017-07-31,11100.0,11150.0,11200.0,10950.0,12747.0,455.0,-455.0,0.0,0.0066,-3029.0,50.0,FALL
2017-08-01,11100.0,11050.0,11150.0,11050.0,5190.0,-47.0,47.0,0.0,0.0082,-547.0,0.0,EVEN
2017-08-02,11300.0,11100.0,11300.0,11050.0,12038.0,-393.0,393.0,0.0,0.0082,-2767.0,200.0,RISE
2017-08-03,11300.0,11200.0,11350.0,11100.0,15346.0,2697.0,-1072.0,-1625.0,0.008,-1625.0,0.0,EVEN
2017-08-04,11300.0,11200.0,11300.0,11100.0,6005.0,2588.0,-963.0,-1625.0,0.0077,-1625.0,0.0,EVEN
2017-08-07,11250.0,11150.0,11300.0,11100.0,7823.0,1763.0,-138.0,-1625.0,0.0079,-1625.0,50.0,FALL
2017-08-08,11050.0,11150.0,11250.0,11050.0,11583.0,5461.0,-422.0,-5039.0,0.0078,-5039.0,200.0,FALL
2017-08-09,11050.0,11050.0,11150.0,10950.0,8562.0,1239.0,-372.0,-867.0,0.0077,-867.0,0.0,EVEN
2017-08-10,11000.0,11050.0,11100.0,10850.0,9768.0,1024.0,-157.0,-867.0,0.0077,-867.0,50.0,FALL
2017-08-11,10850.0,10850.0,10950.0,10750.0,13056.0,1842.0,-975.0,-867.0,0.0074,-867.0,150.0,FALL
2017-08-14,10700.0,10800.0,11000.0,10300.0,27347.0,1269.0,-402.0,-867.0,0.0073,-867.0,150.0,FALL
2017-08-16,10300.0,10700.0,10850.0,10150.0,40257.0,1356.0,-884.0,-472.0,0.0071,-472.0,400.0,FALL
2017-08-17,10250.0,10250.0,10300.0,10000.0,20003.0,-2239.0,2632.0,-393.0,0.0077,-393.0,50.0,FALL
2017-08-18,9920.0,10200.0,10250.0,9920.0,32378.0,404.0,-404.0,0.0,0.0076,5295.0,330.0,FALL
2017-08-21,9620.0,9850.0,9910.0,9560.0,41487.0,-360.0,360.0,0.0,0.0077,-360.0,300.0,FALL
2017-08-22,9680.0,9600.0,9940.0,9600.0,30271.0,-2999.0,2999.0,0.0,0.0085,3512.0,60.0,RISE
2017-08-23,9610.0,9770.0,9770.0,9600.0,10700.0,271.0,-271.0,0.0,0.0084,337.0,70.0,FALL
2017-08-24,9600.0,9700.0,9700.0,9470.0,8847.0,469.0,-469.0,0.0,0.0083,469.0,10.0,FALL
2017-08-25,9750.0,9620.0,9750.0,9580.0,3649.0,-284.0,284.0,0.0,0.0084,-284.0,150.0,RISE
2017-08-28,9920.0,9750.0,9930.0,9730.0,11847.0,-140.0,140.0,0.0,0.0084,-140.0,170.0,RISE
2017-08-29,9900.0,9980.0,9980.0,9780.0,7497.0,964.0,-964.0,0.0,0.0082,964.0,20.0,FALL
2017-08-30,9820.0,9980.0,9980.0,9720.0,3792.0,185.0,-185.0,0.0,0.0081,185.0,80.0,FALL
2017-08-31,9760.0,9840.0,9840.0,9710.0,2055.0,-314.0,314.0,0.0,0.0082,-314.0,60.0,FALL
2017-09-01,9780.0,9760.0,9830.0,9750.0,2354.0,0.0,0.0,0.0,0.0082,-314.0,20.0,RISE
2017-09-04,9720.0,9700.0,9790.0,9630.0,12168.0,-54.0,54.0,0.0,0.0082,-54.0,60.0,FALL
2017-09-05,9590.0,9740.0,9740.0,9500.0,8960.0,1206.0,-1206.0,0.0,0.0079,1171.0,130.0,FALL
2017-09-06,9500.0,9650.0,9700.0,9500.0,5868.0,-518.0,-570.0,1088.0,0.0078,1088.0,90.0,FALL
2017-09-07,9400.0,9320.0,9570.0,9310.0,18700.0,-1080.0,1080.0,0.0,0.008,-1330.0,100.0,FALL
2017-09-08,9120.0,9370.0,9440.0,9100.0,17134.0,-929.0,929.0,0.0,0.0083,-444.0,280.0,FALL
2017-09-11,9040.0,9260.0,9290.0,8940.0,12883.0,-907.0,907.0,0.0,0.0085,-1107.0,80.0,FALL
2017-09-12,8870.0,9060.0,9080.0,8850.0,16813.0,-300.0,300.0,0.0,0.0086,200.0,170.0,FALL
2017-09-13,8860.0,8980.0,8980.0,8780.0,13540.0,-1124.0,1124.0,0.0,0.0089,-896.0,10.0,FALL
2017-09-14,8750.0,8800.0,8950.0,8750.0,7409.0,-229.0,229.0,0.0,0.0089,-229.0,110.0,FALL
2017-09-15,8690.0,8730.0,8730.0,8610.0,9794.0,-178.0,178.0,0.0,0.009,-178.0,60.0,FALL
2017-09-18,9230.0,8690.0,10300.0,8690.0,178837.0,3184.0,-3184.0,0.0,0.0082,3184.0,540.0,RISE
2017-09-19,9140.0,9250.0,9260.0,9020.0,22995.0,773.0,-773.0,0.0,0.008,768.0,90.0,FALL
2017-09-20,9500.0,9170.0,9620.0,9060.0,30805.0,2155.0,-2155.0,0.0,0.0074,1984.0,360.0,RISE
2017-09-21,9320.0,9490.0,9750.0,9320.0,13296.0,2394.0,-2394.0,0.0,0.0068,2545.0,180.0,FALL
2017-09-22,8770.0,9350.0,9360.0,8770.0,16737.0,1849.0,-1849.0,0.0,0.0064,1849.0,550.0,FALL
2017-09-25,8660.0,8750.0,8820.0,8640.0,10445.0,-296.0,296.0,0.0,0.0064,-296.0,110.0,FALL
2017-09-26,8360.0,8750.0,8750.0,8280.0,22630.0,-459.0,459.0,0.0,0.0066,-939.0,300.0,FALL
2017-09-27,8330.0,8430.0,8430.0,8230.0,12093.0,-1214.0,1214.0,0.0,0.0069,-1214.0,30.0,FALL
2017-09-28,8300.0,8330.0,8410.0,8120.0,18371.0,-1027.0,1027.0,0.0,0.0071,-777.0,30.0,FALL
2017-09-29,8450.0,8350.0,8510.0,8300.0,9331.0,-3851.0,3851.0,0.0,0.0081,-3778.0,150.0,RISE
2017-10-10,8380.0,8300.0,8440.0,8270.0,15703.0,910.0,-910.0,0.0,0.0079,810.0,70.0,FALL
2017-10-11,8470.0,8460.0,8530.0,8380.0,2160.0,-218.0,218.0,0.0,0.0079,-218.0,90.0,RISE
2017-10-12,8440.0,8540.0,8540.0,8270.0,11970.0,-638.0,638.0,0.0,0.0081,-638.0,30.0,FALL
2017-10-13,8420.0,8410.0,8460.0,8370.0,3118.0,70.0,-70.0,0.0,0.008,70.0,20.0,FALL
2017-10-16,8500.0,8450.0,8500.0,8320.0,5563.0,-644.0,644.0,0.0,0.0082,-776.0,80.0,RISE
2017-10-17,8720.0,8400.0,8800.0,8400.0,15238.0,-1070.0,1070.0,0.0,0.0085,-1070.0,220.0,RISE
2017-10-18,8800.0,8590.0,8880.0,8530.0,11188.0,864.0,-864.0,0.0,0.0083,864.0,80.0,RISE
2017-10-19,8840.0,8700.0,8900.0,8700.0,5349.0,1043.0,-1043.0,0.0,0.008,1043.0,40.0,RISE
2017-10-20,8840.0,8760.0,8840.0,8730.0,4495.0,1118.0,-1118.0,0.0,0.0077,1118.0,0.0,EVEN
2017-10-23,8770.0,8840.0,8890.0,8680.0,5318.0,680.0,-680.0,0.0,0.0075,680.0,70.0,FALL
2017-10-24,8930.0,8700.0,9040.0,8700.0,8284.0,-327.0,327.0,0.0,0.0076,-327.0,160.0,RISE
2017-10-25,8950.0,8930.0,8980.0,8800.0,2265.0,-164.0,164.0,0.0,0.0077,-164.0,20.0,RISE
2017-10-26,8860.0,8990.0,9000.0,8790.0,3415.0,138.0,-138.0,0.0,0.0076,370.0,90.0,FALL
2017-10-27,8840.0,8860.0,8900.0,8740.0,7958.0,-138.0,138.0,0.0,0.0077,-138.0,20.0,FALL
2017-10-30,8650.0,8890.0,8900.0,8650.0,10983.0,34.0,-34.0,0.0,0.0077,33.0,190.0,FALL
2017-10-31,8750.0,8720.0,8790.0,8650.0,3728.0,-135.0,135.0,0.0,0.0077,-600.0,100.0,RISE
2017-11-01,8760.0,8780.0,8780.0,8660.0,3695.0,0.0,0.0,0.0,0.0077,-269.0,10.0,RISE
2017-11-02,8830.0,8760.0,8860.0,8760.0,2674.0,4.0,-4.0,0.0,0.0077,-160.0,70.0,RISE
2017-11-03,8820.0,8830.0,8840.0,8730.0,1361.0,40.0,-40.0,0.0,0.0077,40.0,10.0,FALL
2017-11-06,8820.0,8860.0,8900.0,8760.0,2688.0,52.0,-52.0,0.0,0.0077,52.0,0.0,EVEN
2017-11-07,8790.0,8810.0,8880.0,8690.0,2308.0,278.0,-278.0,0.0,0.0076,278.0,30.0,FALL
2017-11-08,8740.0,8730.0,8870.0,8700.0,6053.0,1004.0,84.0,-1088.0,0.0076,-1088.0,50.0,FALL
2017-11-09,8780.0,8810.0,8810.0,8710.0,2390.0,39.0,-39.0,0.0,0.0076,39.0,40.0,RISE
2017-11-10,8850.0,8840.0,9080.0,8690.0,12551.0,107.0,-107.0,0.0,0.0076,107.0,70.0,RISE
2017-11-13,9040.0,8890.0,9080.0,8850.0,11744.0,609.0,-609.0,0.0,0.0074,609.0,190.0,RISE
2017-11-14,9000.0,9040.0,9240.0,8940.0,6032.0,387.0,-388.0,1.0,0.0073,1.0,40.0,FALL
2017-11-15,8950.0,9090.0,9170.0,8840.0,5577.0,305.0,-305.0,0.0,0.0073,-408.0,50.0,FALL
2017-11-16,8720.0,8850.0,8890.0,8560.0,15613.0,-38.0,38.0,0.0,0.0073,232.0,230.0,FALL
2017-11-17,8730.0,8840.0,8840.0,8580.0,9745.0,185.0,-462.0,277.0,0.0072,277.0,10.0,RISE
2017-11-20,8810.0,8840.0,8840.0,8740.0,6317.0,-1310.0,182.0,1128.0,0.0072,1128.0,80.0,RISE
2017-11-21,8780.0,8820.0,8850.0,8750.0,8298.0,-910.0,-93.0,1003.0,0.0072,1003.0,30.0,FALL
2017-11-22,8670.0,8780.0,8880.0,8550.0,12217.0,1287.0,-865.0,-422.0,0.007,-422.0,110.0,FALL
2017-11-23,8410.0,8660.0,8660.0,8410.0,25657.0,-38.0,38.0,0.0,0.0081,-38.0,260.0,FALL
2017-11-24,8470.0,8500.0,8520.0,8410.0,6986.0,-25.0,25.0,0.0,0.0081,-25.0,60.0,RISE
2017-11-27,8540.0,8310.0,8590.0,8310.0,12021.0,-887.0,776.0,111.0,0.0083,111.0,70.0,RISE
2017-11-28,8550.0,8460.0,8630.0,8460.0,5681.0,-501.0,497.0,4.0,0.0084,4.0,10.0,RISE
2017-11-29,8570.0,8540.0,8630.0,8500.0,5365.0,-576.0,573.0,3.0,0.0086,3.0,20.0,RISE
2017-11-30,8630.0,8700.0,8700.0,8450.0,3849.0,-596.0,414.0,182.0,0.0087,182.0,60.0,RISE
2017-12-01,8570.0,8670.0,8670.0,8540.0,4095.0,-213.0,210.0,3.0,0.0087,3.0,60.0,FALL
2017-12-04,8430.0,8580.0,8580.0,8410.0,12850.0,-1277.0,344.0,933.0,0.0088,933.0,140.0,FALL
2017-12-05,8500.0,8380.0,8530.0,8380.0,3636.0,-680.0,678.0,2.0,0.009,2.0,70.0,RISE
2017-12-06,8520.0,8430.0,8540.0,8430.0,5610.0,-228.0,227.0,1.0,0.0091,1.0,20.0,RISE
2017-12-07,8540.0,8550.0,8570.0,8500.0,7878.0,111.0,-112.0,1.0,0.009,1.0,20.0,RISE
2017-12-08,8400.0,8600.0,8600.0,8400.0,4776.0,458.0,-458.0,0.0,0.0089,750.0,140.0,FALL
2017-12-11,8370.0,8530.0,8530.0,8360.0,5409.0,-15.0,15.0,0.0,0.0089,-15.0,30.0,FALL
2017-12-12,8280.0,8520.0,8520.0,8270.0,5549.0,-239.0,-495.0,734.0,0.0088,734.0,90.0,FALL
2017-12-13,8280.0,8380.0,8380.0,8200.0,6809.0,-203.0,203.0,0.0,0.0088,734.0,0.0,EVEN
2017-12-14,8290.0,8350.0,8350.0,8170.0,5067.0,-8.0,8.0,0.0,0.0089,734.0,10.0,RISE
2017-12-15,8400.0,8300.0,8410.0,8200.0,4898.0,153.0,-153.0,0.0,0.0088,734.0,110.0,RISE
2017-12-18,8310.0,8350.0,8460.0,8250.0,5812.0,-17.0,17.0,0.0,0.0088,734.0,90.0,FALL
2017-12-19,8240.0,8310.0,8320.0,8190.0,9680.0,562.0,-562.0,0.0,0.0087,734.0,70.0,FALL
2017-12-20,8050.0,8240.0,8240.0,8050.0,6399.0,496.0,-496.0,0.0,0.0086,734.0,190.0,FALL
2017-12-21,8000.0,8060.0,8140.0,7860.0,9853.0,465.0,-465.0,0.0,0.0084,734.0,50.0,FALL
2017-12-22,8010.0,8040.0,8090.0,7930.0,1004.0,0.0,0.0,0.0,0.0,734.0,10.0,RISE
2017-12-26,7990.0,8010.0,8120.0,7850.0,9025.0,0.0,0.0,0.0,0.0059,734.0,20.0,FALL
2017-12-27,7930.0,7880.0,8040.0,7860.0,8972.0,-11.0,11.0,0.0,0.0059,734.0,60.0,FALL
2017-12-28,7990.0,8040.0,8040.0,7880.0,6014.0,-45.0,45.0,0.0,0.0059,734.0,60.0,RISE
2018-01-02,7890.0,8040.0,8040.0,7880.0,8274.0,-6.0,6.0,0.0,0.0057,734.0,100.0,FALL
2018-01-03,7970.0,8010.0,8010.0,7880.0,9744.0,34.0,-34.0,0.0,0.0057,734.0,80.0,RISE
2018-01-04,7950.0,7990.0,7990.0,7820.0,9173.0,-499.0,499.0,0.0,0.0058,734.0,20.0,FALL
2018-01-05,7870.0,7960.0,7960.0,7830.0,1857.0,205.0,-205.0,0.0,0.0058,734.0,80.0,FALL
2018-01-08,7700.0,7850.0,7850.0,7630.0,20746.0,1002.0,-1002.0,0.0,0.0055,734.0,170.0,FALL
2018-01-09,7860.0,7700.0,7900.0,7610.0,17051.0,1007.0,-1007.0,0.0,0.0078,734.0,160.0,RISE
2018-01-10,7980.0,7890.0,7980.0,7800.0,7617.0,-593.0,593.0,0.0,0.0079,734.0,120.0,RISE
2018-01-11,8250.0,7990.0,8410.0,7980.0,17717.0,-18.0,18.0,0.0,0.0079,734.0,270.0,RISE
2018-01-12,8370.0,8250.0,8620.0,8160.0,28745.0,2263.0,-2263.0,0.0,0.0074,734.0,120.0,RISE
2018-01-15,8250.0,8440.0,8470.0,7950.0,8734.0,191.0,-192.0,1.0,0.0073,735.0,120.0,FALL
2018-01-16,8210.0,8260.0,8440.0,8190.0,4690.0,619.0,-619.0,0.0,0.0072,735.0,40.0,FALL
2018-01-17,8220.0,8340.0,8490.0,8100.0,2801.0,493.0,-493.0,0.0,0.007,735.0,10.0,RISE
2018-01-18,8310.0,8230.0,8340.0,8150.0,5212.0,366.0,-366.0,0.0,0.007,735.0,90.0,RISE
2018-01-19,8290.0,8220.0,8390.0,8180.0,6014.0,-179.0,179.0,0.0,0.007,735.0,20.0,FALL
2018-01-22,8350.0,8370.0,8430.0,8250.0,6052.0,26.0,-26.0,0.0,0.007,735.0,60.0,RISE
2018-01-23,8340.0,8380.0,8380.0,8300.0,6308.0,192.0,-192.0,0.0,0.0069,735.0,10.0,FALL
2018-01-24,8440.0,8350.0,8460.0,8250.0,9217.0,-435.0,435.0,0.0,0.0071,735.0,100.0,RISE
2018-01-25,8500.0,8460.0,8570.0,8440.0,10663.0,-220.0,220.0,0.0,0.0071,735.0,60.0,RISE
2018-01-26,8560.0,8520.0,8800.0,8510.0,12498.0,-237.0,237.0,0.0,0.0072,735.0,60.0,RISE
2018-01-29,8770.0,8600.0,8850.0,8600.0,19310.0,-403.0,403.0,0.0,0.0073,735.0,210.0,RISE
2018-01-30,9030.0,8780.0,9030.0,8650.0,25100.0,492.0,-492.0,0.0,0.0071,735.0,260.0,RISE
2018-01-31,8830.0,8940.0,9040.0,8820.0,12442.0,-2335.0,-73.0,2408.0,0.0071,3143.0,200.0,FALL
2018-02-01,8720.0,8780.0,8960.0,8710.0,9112.0,-2530.0,1240.0,1290.0,0.0074,4433.0,110.0,FALL
2018-02-02,8900.0,8870.0,8950.0,8680.0,11224.0,-1390.0,147.0,1243.0,0.0075,5676.0,180.0,RISE
2018-02-05,8880.0,8890.0,8920.0,8620.0,12472.0,-671.0,-444.0,1115.0,0.0074,6791.0,20.0,FALL
2018-02-06,8780.0,8650.0,8810.0,8050.0,16394.0,384.0,-384.0,0.0,0.0073,6791.0,100.0,FALL
2018-02-07,8920.0,8870.0,9200.0,8680.0,19841.0,1407.0,-1357.0,-50.0,0.0069,6741.0,140.0,RISE
2018-02-08,8910.0,8940.0,9190.0,8710.0,5637.0,1829.0,-1312.0,-517.0,0.0066,6224.0,10.0,FALL
2018-02-09,8420.0,8750.0,8750.0,8410.0,12059.0,1274.0,-1275.0,1.0,0.0063,6225.0,490.0,FALL
2018-02-12,8420.0,8420.0,8540.0,8340.0,1252.0,316.0,-317.0,1.0,0.0062,6226.0,0.0,EVEN
2018-02-13,8310.0,8530.0,8530.0,8280.0,5178.0,649.0,-456.0,-193.0,0.0061,6033.0,110.0,FALL
2018-02-14,8400.0,8440.0,8490.0,8300.0,4047.0,806.0,-800.0,-6.0,0.0059,6027.0,90.0,RISE
2018-02-19,8370.0,8320.0,8380.0,8260.0,17105.0,-395.0,400.0,-5.0,0.006,6022.0,30.0,FALL
2018-02-20,8310.0,8370.0,8390.0,8280.0,3612.0,4.0,0.0,-4.0,0.0,6018.0,60.0,FALL
2018-02-21,8320.0,8380.0,8380.0,8300.0,975.0,-114.0,117.0,-3.0,0.006,6015.0,10.0,RISE
2018-02-22,8300.0,8300.0,8380.0,8170.0,8358.0,83.0,-81.0,-2.0,0.006,6013.0,20.0,FALL
2018-02-23,8160.0,8360.0,8360.0,8160.0,5302.0,47.0,-45.0,-2.0,0.006,6011.0,140.0,FALL
2018-02-26,8210.0,8290.0,8360.0,8200.0,6050.0,137.0,-136.0,-1.0,0.0059,6010.0,50.0,RISE
2018-02-27,8250.0,8360.0,8360.0,8200.0,9251.0,-319.0,320.0,-1.0,0.006,6009.0,40.0,RISE
2018-02-28,8240.0,8250.0,8300.0,8150.0,6412.0,351.0,-351.0,0.0,0.0059,6009.0,10.0,FALL
2018-03-02,8130.0,8100.0,8240.0,8000.0,6761.0,308.0,-245.0,-63.0,0.0059,5946.0,110.0,FALL
2018-03-05,8080.0,7970.0,8130.0,7970.0,2541.0,426.0,-426.0,0.0,0.0058,5946.0,50.0,FALL
2018-03-06,8150.0,8000.0,8220.0,8000.0,1989.0,446.0,-446.0,0.0,0.0057,5946.0,70.0,RISE
2018-03-07,7970.0,8200.0,8200.0,7970.0,10148.0,1722.0,-1688.0,-34.0,0.0052,5912.0,180.0,FALL
2018-03-08,7800.0,7970.0,7970.0,7770.0,15026.0,214.0,-214.0,0.0,0.0052,5912.0,170.0,FALL
2018-03-09,7970.0,7870.0,7980.0,7790.0,3592.0,-99.0,99.0,0.0,0.0052,5912.0,170.0,RISE
2018-03-12,8050.0,7990.0,8050.0,7950.0,7669.0,-252.0,252.0,0.0,0.0053,5912.0,80.0,RISE
2018-03-13,8050.0,7970.0,8060.0,7960.0,10320.0,5.0,-5.0,0.0,0.0053,5912.0,0.0,EVEN
2018-03-14,8110.0,7960.0,8210.0,7960.0,11857.0,332.0,-332.0,0.0,0.0052,5912.0,60.0,RISE
2018-03-15,8050.0,8100.0,8100.0,7980.0,6365.0,109.0,-32.0,-77.0,0.0052,5835.0,60.0,FALL
2018-03-16,7970.0,8080.0,8080.0,7900.0,5841.0,457.0,-457.0,0.0,0.0051,5835.0,80.0,FALL
2018-03-19,7820.0,7970.0,7970.0,7820.0,6935.0,733.0,-733.0,0.0,0.0049,5835.0,150.0,FALL
2018-03-20,7850.0,7820.0,7940.0,7760.0,4737.0,343.0,-343.0,0.0,0.0048,5835.0,30.0,RISE
2018-03-21,7810.0,7800.0,7920.0,7800.0,3388.0,172.0,-172.0,0.0,0.0048,5835.0,40.0,FALL
2018-03-22,7810.0,7800.0,7930.0,7800.0,9600.0,196.0,-70.0,-126.0,0.0047,5709.0,0.0,EVEN
2018-03-23,7700.0,7720.0,7940.0,7660.0,8328.0,81.0,-4.0,-77.0,0.0047,5632.0,110.0,FALL
2018-03-26,7790.0,7700.0,7800.0,7600.0,4280.0,1607.0,-1607.0,0.0,0.0043,5632.0,90.0,RISE
2018-03-27,7840.0,7840.0,7840.0,7700.0,4328.0,1441.0,-1175.0,-266.0,0.004,5366.0,50.0,RISE
2018-03-28,7700.0,7810.0,7810.0,7630.0,4087.0,450.0,-450.0,0.0,0.0039,5366.0,140.0,FALL
2018-03-29,7700.0,7700.0,7790.0,7640.0,1622.0,104.0,-25.0,-79.0,0.0039,5287.0,0.0,EVEN
2018-03-30,7660.0,7790.0,7790.0,7650.0,3606.0,225.0,-98.0,-127.0,0.0039,5160.0,40.0,FALL
2018-04-02,7600.0,7700.0,7740.0,7600.0,2835.0,105.0,-105.0,0.0,0.0039,5160.0,60.0,FALL
2018-04-03,7460.0,7600.0,7700.0,7300.0,16575.0,-169.0,169.0,0.0,0.0039,5160.0,140.0,FALL
2018-04-04,7490.0,7500.0,7570.0,7360.0,3342.0,57.0,-57.0,0.0,0.0039,5160.0,30.0,RISE
2018-04-05,7480.0,7490.0,7590.0,7300.0,5760.0,-57.0,57.0,0.0,0.0039,5160.0,10.0,FALL
2018-04-06,7330.0,7480.0,7500.0,7200.0,11444.0,71.0,9.0,-80.0,0.0039,5080.0,150.0,FALL
2018-04-09,7290.0,7320.0,7350.0,7210.0,3768.0,30.0,-30.0,0.0,0.0039,5080.0,40.0,FALL
2018-04-10,7310.0,7310.0,7350.0,7200.0,2864.0,17.0,-17.0,0.0,0.0039,5080.0,20.0,RISE
2018-04-11,7300.0,7440.0,7440.0,7270.0,2235.0,0.0,0.0,0.0,0.0039,5080.0,10.0,FALL
2018-04-12,7360.0,7350.0,7360.0,7220.0,4323.0,189.0,-65.0,-124.0,0.0039,4956.0,60.0,RISE
2018-04-13,7570.0,7420.0,7800.0,7330.0,10056.0,42.0,-42.0,0.0,0.0039,4956.0,210.0,RISE
2018-04-16,7630.0,7670.0,7670.0,7490.0,3179.0,950.0,-950.0,0.0,0.0036,4956.0,60.0,RISE
2018-04-17,7590.0,7650.0,7650.0,7520.0,2395.0,-115.0,115.0,0.0,0.0037,4956.0,40.0,FALL
2018-04-18,7460.0,7580.0,7640.0,7460.0,2684.0,-200.0,200.0,0.0,0.0037,4956.0,130.0,FALL
2018-04-19,7550.0,7460.0,7590.0,7380.0,10425.0,-210.0,281.0,-71.0,0.0038,4885.0,90.0,RISE
2018-04-20,7400.0,7550.0,7570.0,7390.0,13759.0,929.0,471.0,-1400.0,0.0039,3485.0,150.0,FALL
2018-04-23,7800.0,7440.0,7800.0,7320.0,15462.0,-600.0,600.0,0.0,0.0041,3485.0,400.0,RISE
2018-04-24,7740.0,7800.0,7820.0,7650.0,5072.0,-119.0,119.0,0.0,0.0041,3485.0,60.0,FALL
2018-04-25,7720.0,7740.0,7970.0,7630.0,10665.0,138.0,-94.0,-44.0,0.0041,3441.0,20.0,FALL
2018-04-26,7720.0,7800.0,7870.0,7680.0,6126.0,-122.0,308.0,-186.0,0.0041,3255.0,0.0,EVEN
2018-04-27,7710.0,7720.0,7740.0,7620.0,2653.0,3.0,-3.0,0.0,0.0041,3255.0,10.0,FALL
2018-04-30,7830.0,7720.0,7870.0,7570.0,4769.0,-115.0,115.0,0.0,0.0042,3255.0,120.0,RISE
2018-05-02,7690.0,7830.0,7830.0,7590.0,5123.0,-124.0,124.0,0.0,0.0042,3255.0,140.0,FALL
2018-05-03,7650.0,7690.0,7730.0,7600.0,4066.0,44.0,-44.0,0.0,0.0042,3255.0,40.0,FALL
2018-05-04,7620.0,7650.0,7770.0,7590.0,6127.0,-551.0,551.0,0.0,0.0043,3255.0,30.0,FALL
2018-05-08,7860.0,7700.0,7870.0,7670.0,18631.0,-882.0,882.0,0.0,0.0045,3255.0,240.0,RISE
2018-05-09,7880.0,7750.0,7880.0,7730.0,10616.0,-798.0,798.0,0.0,0.0047,3255.0,20.0,RISE
2018-05-10,7800.0,7880.0,7880.0,7760.0,3952.0,154.0,-154.0,0.0,0.0047,3255.0,80.0,FALL
2018-05-11,7900.0,7770.0,7900.0,7750.0,5154.0,-73.0,73.0,0.0,0.0047,3255.0,100.0,RISE
2018-05-14,7960.0,7900.0,7960.0,7900.0,7367.0,-1750.0,1750.0,0.0,0.0052,3255.0,60.0,RISE
2018-05-15,7970.0,8100.0,8100.0,7920.0,5613.0,-22.0,22.0,0.0,0.0052,3255.0,10.0,RISE
2018-05-16,7810.0,7860.0,7970.0,7750.0,4601.0,533.0,-438.0,-95.0,0.0051,3160.0,160.0,FALL
2018-05-17,7700.0,7700.0,7790.0,7690.0,1922.0,55.0,-5.0,-50.0,0.0051,3110.0,110.0,FALL
2018-05-18,7770.0,7700.0,7890.0,7690.0,5470.0,-150.0,150.0,0.0,0.0051,3110.0,70.0,RISE
2018-05-21,7800.0,7810.0,7940.0,7680.0,7415.0,2201.0,689.0,-2890.0,0.0053,220.0,30.0,RISE
2018-05-23,7780.0,7850.0,7880.0,7710.0,16227.0,-30.0,30.0,0.0,0.0053,220.0,20.0,FALL
2018-05-24,7800.0,7800.0,7850.0,7710.0,6831.0,298.0,-298.0,0.0,0.0052,220.0,20.0,RISE
2018-05-25,7800.0,7700.0,7820.0,7630.0,3503.0,140.0,-140.0,0.0,0.0052,220.0,0.0,EVEN
2018-05-28,7740.0,7800.0,7800.0,7680.0,5458.0,-918.0,918.0,0.0,0.0054,220.0,60.0,FALL
2018-05-29,7630.0,7740.0,7790.0,7610.0,5247.0,0.0,0.0,0.0,0.0054,220.0,110.0,FALL
2018-05-30,7430.0,7630.0,7790.0,7430.0,7031.0,158.0,-158.0,0.0,0.0054,220.0,200.0,FALL
2018-05-31,7580.0,7500.0,7640.0,7500.0,248.0,108.0,-108.0,0.0,0.0053,220.0,150.0,RISE
2018-06-01,7590.0,7650.0,7650.0,7490.0,4990.0,125.0,-125.0,0.0,0.0053,220.0,10.0,RISE
2018-06-04,7600.0,7500.0,7650.0,7500.0,1255.0,0.0,0.0,0.0,0.0053,220.0,10.0,RISE
2018-06-05,7730.0,7640.0,7730.0,7590.0,3589.0,-197.0,197.0,0.0,0.0053,220.0,130.0,RISE
2018-06-07,7670.0,7790.0,7790.0,7670.0,1400.0,-167.0,167.0,0.0,0.0054,220.0,60.0,FALL
2018-06-08,7730.0,7790.0,7790.0,7650.0,1252.0,0.0,0.0,0.0,0.0054,220.0,60.0,RISE
2018-06-11,7720.0,7730.0,7730.0,7550.0,3188.0,590.0,-590.0,0.0,0.0052,220.0,10.0,FALL
2018-06-12,7700.0,7720.0,7720.0,7520.0,3553.0,617.0,-617.0,0.0,0.0051,220.0,20.0,FALL
2018-06-14,7550.0,7690.0,7690.0,7360.0,7288.0,514.0,-514.0,0.0,0.005,220.0,150.0,FALL
2018-06-15,7550.0,7550.0,7550.0,7300.0,8224.0,403.0,-403.0,0.0,0.0049,220.0,0.0,EVEN
2018-06-18,7370.0,7550.0,7650.0,7370.0,2971.0,280.0,-280.0,0.0,0.0048,220.0,180.0,FALL
2018-06-19,7360.0,7370.0,7370.0,7000.0,8395.0,256.0,-256.0,0.0,0.0047,220.0,10.0,FALL
2018-06-20,7320.0,7340.0,7340.0,7100.0,3062.0,686.0,-686.0,0.0,0.0045,220.0,40.0,FALL
2018-06-21,7200.0,7320.0,7320.0,7160.0,853.0,272.0,-272.0,0.0,0.0045,220.0,120.0,FALL
2018-06-22,6950.0,7200.0,7200.0,6800.0,6820.0,224.0,-224.0,0.0,0.0044,220.0,250.0,FALL
2018-06-25,7290.0,6980.0,7530.0,6880.0,9550.0,250.0,-250.0,0.0,0.0044,220.0,340.0,RISE
2018-06-26,7390.0,7290.0,7390.0,7160.0,5493.0,276.0,-276.0,0.0,0.0043,220.0,100.0,RISE
2018-06-27,7410.0,7380.0,7570.0,7290.0,4088.0,300.0,-300.0,0.0,0.0042,220.0,20.0,RISE
2018-06-28,7500.0,7410.0,7640.0,7320.0,5497.0,300.0,-300.0,0.0,0.0041,220.0,90.0,RISE
2018-06-29,7790.0,7500.0,8000.0,7430.0,27285.0,325.0,-325.0,0.0,0.0041,220.0,290.0,RISE
2018-07-02,7720.0,7980.0,7980.0,7700.0,13586.0,72.0,-72.0,0.0,0.004,220.0,70.0,FALL
2018-07-03,7620.0,7620.0,7810.0,7620.0,4706.0,354.0,0.0,-354.0,0.004,-134.0,100.0,FALL
2018-07-04,7640.0,7620.0,7800.0,7480.0,3911.0,0.0,0.0,0.0,0.004,-134.0,20.0,RISE
2018-07-05,7600.0,7650.0,7730.0,7550.0,3980.0,0.0,0.0,0.0,0.004,-134.0,40.0,FALL
2018-07-06,7660.0,7600.0,7850.0,7500.0,5585.0,0.0,0.0,0.0,0.004,-134.0,60.0,RISE
2018-07-09,7680.0,7750.0,7870.0,7610.0,3280.0,0.0,0.0,0.0,0.0,-134.0,20.0,RISE
2018-07-10,7880.0,7640.0,8010.0,7620.0,8391.0,0.0,0.0,0.0,0.0,-134.0,200.0,RISE
2018-07-11,7910.0,7980.0,7980.0,7790.0,1387.0,0.0,0.0,0.0,0.004,-134.0,30.0,RISE
2018-07-12,7950.0,7960.0,8000.0,7800.0,3082.0,0.0,0.0,0.0,0.0,-134.0,40.0,RISE
2018-07-13,7930.0,7790.0,8040.0,7730.0,1507.0,0.0,0.0,0.0,0.004,-134.0,20.0,FALL
2018-07-16,7880.0,7970.0,7970.0,7850.0,519.0,0.0,0.0,0.0,0.0,-134.0,50.0,FALL
2018-07-17,7890.0,7880.0,7950.0,7720.0,775.0,-17.0,17.0,0.0,0.0,-134.0,10.0,RISE
2018-07-18,7700.0,7890.0,7960.0,7700.0,1689.0,0.0,0.0,0.0,0.0,-134.0,190.0,FALL
2018-07-19,7820.0,7700.0,7880.0,7690.0,600.0,-48.0,48.0,0.0,0.0,-134.0,120.0,RISE
2018-07-20,7830.0,7810.0,7870.0,7690.0,181.0,0.0,0.0,0.0,0.0,-134.0,10.0,RISE
2018-07-23,7530.0,7800.0,7870.0,7530.0,2058.0,-57.0,57.0,0.0,0.0,-134.0,300.0,FALL
2018-07-24,7610.0,7460.0,7670.0,7460.0,3047.0,11.0,-11.0,0.0,0.0,-134.0,80.0,RISE
2018-07-25,7610.0,7470.0,7620.0,7470.0,245.0,0.0,0.0,0.0,0.0041,-134.0,0.0,EVEN
2018-07-26,7600.0,7510.0,7640.0,7510.0,601.0,32.0,-32.0,0.0,0.0041,-134.0,10.0,FALL
2018-07-27,7600.0,7510.0,7610.0,7490.0,1213.0,-38.0,38.0,0.0,0.0041,-134.0,0.0,EVEN
2018-07-30,7590.0,7510.0,7630.0,7470.0,1404.0,650.0,0.0,-650.0,0.0041,-784.0,10.0,FALL
2018-07-31,7570.0,7590.0,7590.0,7510.0,317.0,227.0,0.0,-227.0,0.0,-1011.0,20.0,FALL
2018-08-01,7510.0,7540.0,7540.0,7460.0,1735.0,700.0,5.0,-705.0,0.0,-1716.0,60.0,FALL
2018-08-02,7460.0,7560.0,7560.0,7450.0,361.0,103.0,0.0,-103.0,0.0,-1819.0,50.0,FALL
2018-08-03,7360.0,7470.0,7470.0,7330.0,6910.0,796.0,204.0,-1000.0,0.0001,-2819.0,100.0,FALL
2018-08-06,7370.0,7490.0,7580.0,7360.0,15484.0,9692.0,-157.0,-9535.0,0.0,-12354.0,10.0,RISE
2018-08-07,7460.0,7340.0,7470.0,7340.0,8222.0,1400.0,0.0,-1400.0,0.0,-13754.0,90.0,RISE
2018-08-08,7370.0,7490.0,7490.0,7060.0,5884.0,773.0,0.0,-773.0,0.0,-14527.0,90.0,FALL
2018-08-09,7370.0,7370.0,7390.0,7310.0,3184.0,74.0,-74.0,0.0,0.0,-14527.0,0.0,EVEN
2018-08-10,7730.0,7400.0,7730.0,7370.0,19253.0,10645.0,905.0,-11550.0,0.0002,-26077.0,360.0,RISE
2018-08-13,7810.0,7730.0,8660.0,7690.0,290144.0,72400.0,0.0,-72400.0,0.0,-98477.0,80.0,RISE
2018-08-14,7990.0,7730.0,7990.0,7650.0,75383.0,12500.0,0.0,-12500.0,0.0,-110977.0,180.0,RISE
2018-08-16,8360.0,9700.0,10350.0,8310.0,1176912.0,97863.0,-1.0,-97862.0,0.0,-208839.0,370.0,RISE
2018-08-17,7960.0,8150.0,8280.0,7850.0,160388.0,11.0,-11.0,0.0,0.0,-208839.0,400.0,FALL
2018-08-20,7750.0,7910.0,8190.0,7740.0,48972.0,-2.0,2.0,0.0,0.0,-208839.0,210.0,FALL
2018-08-21,7540.0,7700.0,7810.0,7510.0,51888.0,-98.0,98.0,0.0,0.0,-208839.0,210.0,FALL
2018-08-22,7890.0,7610.0,7950.0,7460.0,72918.0,445.0,-97.0,-348.0,0.0,-209187.0,350.0,RISE
2018-08-23,7780.0,7890.0,8000.0,7670.0,20423.0,-54.0,54.0,0.0,0.0043,-209187.0,110.0,FALL
2018-08-24,7710.0,7850.0,7850.0,7410.0,40417.0,58.0,-58.0,0.0,0.0043,-209187.0,70.0,FALL
2018-08-27,7450.0,7610.0,7840.0,7410.0,38420.0,-40.0,40.0,0.0,0.0043,-209187.0,260.0,FALL
2018-08-28,7360.0,7450.0,7560.0,7330.0,17600.0,36.0,-36.0,0.0,0.0043,-209187.0,90.0,FALL
2018-08-29,7290.0,7360.0,7420.0,7260.0,15205.0,-397.0,397.0,0.0,0.0044,-209187.0,70.0,FALL
2018-08-30,7280.0,7350.0,7350.0,7200.0,13526.0,389.0,-389.0,0.0,0.0043,-209187.0,10.0,FALL
2018-08-31,7270.0,7280.0,7350.0,7170.0,12015.0,-43.0,43.0,0.0,0.0043,-209187.0,10.0,FALL
2018-09-03,7420.0,7280.0,7740.0,7200.0,28755.0,1356.0,-1356.0,0.0,0.004,-209187.0,150.0,RISE
2018-09-04,7530.0,7420.0,7540.0,7340.0,21981.0,2520.0,0.0,-2520.0,0.0,-211707.0,110.0,RISE
2018-09-05,7440.0,7350.0,7530.0,7350.0,9981.0,-731.0,731.0,0.0,0.0041,-211707.0,90.0,FALL
2018-09-06,7340.0,7490.0,7490.0,7330.0,8990.0,424.0,-286.0,-138.0,0.0041,-211845.0,100.0,FALL
2018-09-07,7250.0,7410.0,7410.0,7160.0,14540.0,159.0,-159.0,0.0,0.004,-211845.0,90.0,FALL
2018-09-10,7260.0,7250.0,7380.0,7120.0,13090.0,284.0,-259.0,-25.0,0.004,-211870.0,10.0,RISE
2018-09-11,7200.0,7360.0,7360.0,7190.0,3112.0,3.0,0.0,-3.0,0.004,-211873.0,60.0,FALL
2018-09-12,7070.0,7210.0,7240.0,6990.0,17977.0,20.0,-16.0,-4.0,0.004,-211877.0,130.0,FALL
2018-09-13,6920.0,7070.0,7070.0,6790.0,28005.0,11.0,-11.0,0.0,0.004,-211877.0,150.0,FALL
2018-09-14,6900.0,7000.0,7000.0,6830.0,7079.0,-176.0,230.0,-54.0,0.004,-211931.0,20.0,FALL
2018-09-17,6910.0,6990.0,6990.0,6850.0,1799.0,-24.0,24.0,0.0,0.004,-211931.0,10.0,RISE
2018-09-18,6800.0,6790.0,6980.0,6790.0,4148.0,150.0,-150.0,0.0,0.004,-211931.0,110.0,FALL
2018-09-19,6840.0,6810.0,6870.0,6690.0,17819.0,483.0,-483.0,0.0,0.0039,-211931.0,40.0,RISE
2018-09-20,6700.0,6760.0,6830.0,6700.0,7166.0,-20.0,20.0,0.0,0.0039,-211931.0,140.0,FALL
2018-09-21,6630.0,6670.0,6710.0,6590.0,11390.0,-592.0,592.0,0.0,0.004,-211931.0,70.0,FALL
2018-09-27,6720.0,6630.0,6730.0,6630.0,4033.0,-474.0,474.0,0.0,0.0041,-211931.0,90.0,RISE
2018-09-28,6910.0,6650.0,7150.0,6650.0,16808.0,1122.0,-1122.0,0.0,0.0039,-211931.0,190.0,RISE
2018-10-01,6910.0,6910.0,6990.0,6910.0,7769.0,,,,,,,
2018-10-02,6890.0,6910.0,6970.0,6770.0,4718.0,-937.0,937.0,0.0,0.0041,-211931.0,20.0,FALL
2018-10-04,6830.0,6920.0,6920.0,6580.0,7469.0,-171.0,171.0,0.0,0.0041,-211931.0,60.0,FALL
2018-10-05,6790.0,6810.0,6840.0,6650.0,3030.0,244.0,-244.0,0.0,0.0041,-211931.0,40.0,FALL
2018-10-08,6570.0,6690.0,6820.0,6570.0,5560.0,-297.0,297.0,0.0,0.0042,-211931.0,220.0,FALL
2018-10-10,6100.0,6500.0,6540.0,6100.0,25687.0,162.0,-162.0,0.0,0.0041,-211931.0,470.0,FALL
2018-10-11,5400.0,5990.0,6070.0,5400.0,57661.0,-2313.0,2313.0,0.0,0.0047,-211931.0,700.0,FALL
2018-10-12,5660.0,5300.0,5680.0,5290.0,16409.0,571.0,-571.0,0.0,0.0045,-211931.0,260.0,RISE
2018-10-15,5750.0,5660.0,5780.0,5580.0,4465.0,-120.0,120.0,0.0,0.0046,-211931.0,90.0,RISE
2018-10-16,5770.0,5640.0,5850.0,5590.0,7160.0,-454.0,454.0,0.0,0.0047,-211931.0,20.0,RISE
2018-10-17,5720.0,5820.0,5820.0,5600.0,6530.0,-216.0,216.0,0.0,0.0047,-211931.0,50.0,FALL
2018-10-18,5730.0,5720.0,5750.0,5700.0,1531.0,42.0,-42.0,0.0,0.0047,-211931.0,10.0,RISE
2018-10-19,5800.0,5890.0,5890.0,5530.0,4024.0,520.0,-520.0,0.0,0.0046,-211931.0,70.0,RISE
2018-10-22,5700.0,5850.0,5930.0,5620.0,7300.0,108.0,-108.0,0.0,0.0046,-211931.0,100.0,FALL
2018-10-23,5790.0,5660.0,5800.0,5660.0,3065.0,-322.0,322.0,0.0,0.0047,-211931.0,90.0,RISE
2018-10-24,5780.0,5840.0,5870.0,5680.0,2259.0,258.0,-258.0,0.0,0.0046,-211931.0,10.0,FALL
2018-10-25,5700.0,5680.0,5780.0,5500.0,3950.0,252.0,-252.0,0.0,0.0045,-211931.0,80.0,FALL
2018-10-26,5200.0,5640.0,5660.0,5190.0,23268.0,102.0,-102.0,0.0,0.0045,-211931.0,500.0,FALL
2018-10-29,4400.0,5200.0,5240.0,4400.0,54387.0,-1267.0,1267.0,0.0,0.0048,-211931.0,800.0,FALL
2018-10-30,4430.0,4500.0,4500.0,4290.0,19220.0,-1447.0,1447.0,0.0,0.0052,-211931.0,30.0,RISE
2018-10-31,4560.0,4430.0,4690.0,4430.0,4179.0,1235.0,-1235.0,0.0,0.0049,-211931.0,130.0,RISE
2018-11-01,4950.0,4695.0,5000.0,4590.0,8176.0,211.0,-211.0,0.0,0.0048,-211931.0,390.0,RISE
2018-11-02,5170.0,5000.0,5300.0,4995.0,9266.0,742.0,-742.0,0.0,0.0046,-211931.0,220.0,RISE
2018-11-05,5100.0,5170.0,5170.0,4970.0,2597.0,83.0,-83.0,0.0,0.0046,-211931.0,70.0,FALL
2018-11-06,5100.0,5220.0,5220.0,5040.0,752.0,77.0,-77.0,0.0,0.0046,-211931.0,0.0,EVEN
2018-11-07,5060.0,5190.0,5190.0,5030.0,1956.0,192.0,-192.0,0.0,0.0045,-211931.0,40.0,FALL
2018-11-08,5080.0,5120.0,5120.0,5020.0,2644.0,-212.0,212.0,0.0,0.0046,-211931.0,20.0,RISE
2018-11-09,5240.0,5330.0,5330.0,4975.0,846.0,141.0,-141.0,0.0,0.0046,-211931.0,160.0,RISE
2018-11-12,5110.0,5270.0,5270.0,5050.0,1722.0,210.0,-210.0,0.0,0.0045,-211931.0,130.0,FALL
2018-11-13,5160.0,4935.0,5280.0,4935.0,2605.0,24.0,-24.0,0.0,0.0045,-211931.0,50.0,RISE
2018-11-14,5150.0,5160.0,5300.0,5010.0,2152.0,192.0,-192.0,0.0,0.0045,-211931.0,10.0,FALL
2018-11-15,5190.0,5100.0,5190.0,5000.0,1958.0,40.0,-40.0,0.0,0.0044,-211931.0,40.0,RISE
2018-11-16,5610.0,6100.0,6250.0,5510.0,111927.0,525.0,-525.0,0.0,0.0043,-211931.0,420.0,RISE
2018-11-19,5800.0,5890.0,5940.0,5640.0,35214.0,148.0,-148.0,0.0,0.0043,-211931.0,190.0,RISE
2018-11-20,6190.0,5950.0,6280.0,5830.0,87021.0,-23.0,23.0,0.0,0.0043,-211931.0,390.0,RISE
2018-11-21,6200.0,6200.0,6450.0,5980.0,39022.0,363.0,-363.0,0.0,0.0042,-211931.0,10.0,RISE
2018-11-22,6220.0,6200.0,6380.0,6110.0,12302.0,-15.0,15.0,0.0,0.0042,-211931.0,20.0,RISE
2018-11-23,5900.0,6220.0,6370.0,5900.0,21497.0,-188.0,188.0,0.0,0.0042,-211931.0,320.0,FALL
2018-11-26,6100.0,5760.0,6100.0,5730.0,4567.0,-1109.0,1109.0,0.0,0.0045,-211931.0,200.0,RISE
2018-11-27,6200.0,6130.0,6240.0,6010.0,4730.0,356.0,-356.0,0.0,0.0044,-211931.0,100.0,RISE
2018-11-28,6230.0,6100.0,6280.0,6100.0,1158.0,212.0,-212.0,0.0,0.0044,-211931.0,30.0,RISE
2018-11-29,6290.0,6290.0,6310.0,6030.0,15711.0,-12.0,12.0,0.0,0.0044,-211931.0,60.0,RISE
2018-11-30,6260.0,6260.0,6300.0,6100.0,15910.0,-612.0,612.0,0.0,0.0045,-211931.0,30.0,FALL
2018-12-03,5640.0,5970.0,6050.0,5580.0,76940.0,1061.0,-1061.0,0.0,0.0043,-211931.0,620.0,FALL
2018-12-04,5630.0,5640.0,5720.0,5550.0,11062.0,-147.0,147.0,0.0,0.0043,-211931.0,10.0,FALL
2018-12-05,5630.0,5630.0,5720.0,5500.0,9613.0,-29.0,29.0,0.0,0.0043,-211931.0,0.0,EVEN
2018-12-06,5390.0,5530.0,5650.0,5290.0,11424.0,9.0,-9.0,0.0,0.0043,-211931.0,240.0,FALL
2018-12-07,5460.0,5450.0,5490.0,5290.0,7636.0,0.0,0.0,0.0,0.0043,-211931.0,70.0,RISE
2018-12-10,5450.0,5260.0,5490.0,5260.0,4452.0,68.0,-68.0,0.0,0.0043,-211931.0,10.0,FALL
2018-12-11,5450.0,5450.0,5550.0,5300.0,875.0,15.0,-15.0,0.0,0.0043,-211931.0,0.0,EVEN
2018-12-12,5530.0,5500.0,5770.0,5410.0,4513.0,47.0,-47.0,0.0,0.0043,-211931.0,80.0,RISE
2018-12-13,5570.0,5530.0,5690.0,5460.0,1001.0,0.0,0.0,0.0,0.0043,-211931.0,40.0,RISE
2018-12-14,5550.0,5780.0,5780.0,5500.0,1797.0,-8.0,8.0,0.0,0.0043,-211931.0,20.0,FALL
2018-12-17,5550.0,5660.0,5660.0,5550.0,707.0,0.0,0.0,0.0,0.0043,-211931.0,0.0,EVEN
2018-12-18,5560.0,5350.0,5620.0,5350.0,700.0,0.0,0.0,0.0,0.0043,-211931.0,10.0,RISE
2018-12-19,5550.0,5610.0,5710.0,5430.0,1478.0,-12.0,12.0,0.0,0.0043,-211931.0,10.0,FALL
2018-12-20,5550.0,5550.0,5780.0,5490.0,769.0,-10.0,10.0,0.0,0.0043,-211931.0,0.0,EVEN
2018-12-21,5350.0,5480.0,5590.0,5350.0,769.0,8.0,-8.0,0.0,0.0043,-211931.0,200.0,FALL
2018-12-24,5400.0,5430.0,5800.0,5370.0,3699.0,-123.0,123.0,0.0,0.0043,-211931.0,50.0,RISE
2018-12-26,5350.0,5380.0,5660.0,5220.0,5065.0,-173.0,173.0,0.0,0.0044,-211931.0,50.0,FALL
2018-12-27,5370.0,5430.0,5500.0,5300.0,2328.0,36.0,-36.0,0.0,0.0044,-211931.0,20.0,RISE
2018-12-28,5380.0,5410.0,5660.0,5350.0,3049.0,1.0,-1.0,0.0,0.004,-211931.0,10.0,RISE
2019-01-02,5500.0,5430.0,5600.0,5360.0,835.0,8.0,-8.0,0.0,0.0039,-211931.0,120.0,RISE
2019-01-03,6000.0,5500.0,6030.0,5500.0,13899.0,139.0,-139.0,0.0,0.0039,-211931.0,500.0,RISE
2019-01-04,6000.0,5990.0,6010.0,5830.0,9855.0,0.0,0.0,0.0,0.0039,-211931.0,0.0,EVEN
2019-01-07,6150.0,6000.0,6200.0,5910.0,8451.0,0.0,0.0,0.0,0.0039,-211931.0,150.0,RISE
2019-01-08,6050.0,6150.0,6190.0,6000.0,4272.0,-114.0,114.0,0.0,0.0039,-211931.0,100.0,FALL
2019-01-09,6000.0,5970.0,6090.0,5740.0,5176.0,114.0,-114.0,0.0,0.0039,-211931.0,50.0,FALL
2019-01-10,5820.0,5900.0,6040.0,5820.0,15148.0,0.0,0.0,0.0,0.0039,-211931.0,180.0,FALL
2019-01-11,6620.0,5820.0,7200.0,5820.0,366828.0,43.0,-43.0,0.0,0.0039,-211931.0,800.0,RISE
2019-01-14,6650.0,6580.0,6750.0,6500.0,29626.0,103.0,-103.0,0.0,0.0039,-211931.0,30.0,RISE
2019-01-15,7050.0,6610.0,7180.0,6540.0,61894.0,283.0,-283.0,0.0,0.0038,-211931.0,400.0,RISE
2019-01-16,7230.0,7050.0,7320.0,6840.0,88671.0,266.0,-266.0,0.0,0.0038,-211931.0,180.0,RISE
2019-01-17,8080.0,7320.0,8280.0,7260.0,410282.0,50500.0,0.0,-50500.0,0.0038,-262431.0,850.0,RISE
2019-01-18,7900.0,7910.0,8200.0,7860.0,86013.0,11809.0,0.0,-11809.0,0.0038,-274240.0,180.0,FALL
2019-01-21,7740.0,7750.0,8030.0,7690.0,58214.0,2295.0,-262.0,-2033.0,0.0037,-276273.0,160.0,FALL
2019-01-22,7900.0,7790.0,8210.0,7790.0,44944.0,9960.0,-160.0,-9800.0,0.0037,-286073.0,160.0,RISE
2019-01-23,7700.0,7900.0,8020.0,7700.0,34544.0,11954.0,46.0,-12000.0,0.0037,-298073.0,200.0,FALL
2019-01-24,7850.0,7700.0,8020.0,7610.0,98820.0,39727.0,273.0,-40000.0,0.0037,-338073.0,150.0,RISE
2019-01-25,7750.0,7850.0,7930.0,7680.0,111656.0,37901.0,702.0,-38603.0,0.0039,-376676.0,100.0,FALL
2019-01-28,7740.0,7750.0,7880.0,7690.0,18574.0,7164.0,-565.0,-6599.0,0.0038,-383275.0,10.0,FALL
2019-01-29,7420.0,7800.0,7900.0,6800.0,113340.0,11037.0,3047.0,-14084.0,0.0045,-397359.0,320.0,FALL
2019-01-30,7200.0,7390.0,7390.0,7070.0,21481.0,643.0,-643.0,0.0,0.0044,-397359.0,220.0,FALL
2019-01-31,6910.0,7200.0,7200.0,6510.0,42178.0,1267.0,-1267.0,0.0,0.0041,-397359.0,290.0,FALL
2019-02-01,7050.0,6910.0,7090.0,6680.0,32410.0,96.0,-96.0,0.0,0.004,-397359.0,140.0,RISE
2019-02-07,7490.0,7100.0,7800.0,7060.0,57784.0,5081.0,-26.0,-5055.0,0.004,-402414.0,440.0,RISE
2019-02-08,7880.0,7490.0,7930.0,7490.0,81371.0,32579.0,1566.0,-34145.0,0.0045,-436559.0,390.0,RISE
2019-02-11,8190.0,7950.0,8260.0,7900.0,108392.0,20291.0,-591.0,-19700.0,0.0044,-456259.0,310.0,RISE
2019-02-12,8070.0,8220.0,8220.0,7450.0,64050.0,13469.0,-769.0,-12700.0,0.0042,-468959.0,120.0,FALL
2019-02-13,8950.0,8000.0,9070.0,8000.0,192941.0,22189.0,15411.0,-37600.0,0.008,-506559.0,880.0,RISE
2019-02-14,10600.0,8950.0,10700.0,8950.0,553018.0,20884.0,9116.0,-30000.0,0.0103,-536559.0,1650.0,RISE
2019-02-15,9900.0,10600.0,11050.0,9860.0,295093.0,6107.0,-6107.0,0.0,0.0088,-536559.0,700.0,FALL
2019-02-18,10800.0,10050.0,12100.0,10050.0,610521.0,5265.0,-5265.0,0.0,0.0057,-536559.0,900.0,RISE
2019-02-19,11000.0,10600.0,11550.0,10550.0,257756.0,-10416.0,10416.0,0.0,0.0083,-536559.0,200.0,RISE
2019-02-20,11900.0,11000.0,12100.0,10950.0,277549.0,13103.0,-13103.0,0.0,0.0054,-536559.0,900.0,RISE
2019-02-21,12600.0,11900.0,13800.0,11800.0,672356.0,-10413.0,8913.0,1500.0,0.0077,-535059.0,700.0,RISE
2019-02-22,11900.0,12600.0,12600.0,11100.0,399216.0,-1338.0,-17710.0,19048.0,0.0032,-516011.0,700.0,FALL
2019-02-25,11050.0,11650.0,11700.0,10900.0,215959.0,-10845.0,28327.0,-17482.0,0.0103,-533493.0,850.0,FALL
2019-02-26,12800.0,10700.0,13250.0,10400.0,919226.0,-35424.0,34578.0,846.0,0.019,-532647.0,1750.0,RISE
2019-02-27,12950.0,12650.0,13650.0,12200.0,278064.0,20799.0,-21433.0,634.0,0.0136,-532013.0,150.0,RISE
2019-02-28,12850.0,13100.0,13450.0,12200.0,102921.0,9481.0,-9943.0,462.0,0.0111,-531551.0,100.0,FALL
2019-03-04,13000.0,12950.0,13600.0,12400.0,109171.0,21047.0,-21047.0,0.0,0.0059,-531551.0,150.0,RISE
2019-03-05,12750.0,12850.0,13150.0,12400.0,80532.0,12419.0,-12419.0,0.0,0.0028,-531551.0,250.0,FALL
2019-03-06,11950.0,12750.0,12750.0,11950.0,97793.0,-1927.0,1225.0,702.0,0.0031,-530849.0,800.0,FALL
2019-03-07,11950.0,11950.0,12250.0,11450.0,74433.0,-12129.0,12129.0,0.0,0.0061,-530849.0,0.0,EVEN
2019-03-08,11700.0,11700.0,12600.0,11500.0,82240.0,-6745.0,6745.0,0.0,0.0078,-530849.0,250.0,FALL
2019-03-11,12100.0,11700.0,12500.0,10850.0,159646.0,-16391.0,15599.0,792.0,0.0114,-530057.0,400.0,RISE
2019-03-12,12200.0,12050.0,12800.0,11800.0,91012.0,5105.0,-5105.0,0.0,0.0102,-530057.0,100.0,RISE
2019-03-13,12050.0,12200.0,12250.0,11600.0,42086.0,375.0,-375.0,0.0,0.0101,-530057.0,150.0,FALL
2019-03-14,12250.0,12050.0,12400.0,11800.0,30129.0,395.0,-395.0,0.0,0.01,-530057.0,200.0,RISE
2019-03-15,12450.0,12150.0,12650.0,11900.0,42264.0,-4205.0,4205.0,0.0,0.011,-530057.0,200.0,RISE
2019-03-18,12300.0,12450.0,12500.0,12050.0,30182.0,4891.0,-4891.0,0.0,0.0098,-530057.0,150.0,FALL
2019-03-19,11800.0,12050.0,12300.0,11300.0,65052.0,11079.0,-11555.0,476.0,0.0069,-529581.0,500.0,FALL
2019-03-20,11500.0,11800.0,11800.0,10700.0,59154.0,395.0,-395.0,0.0,0.0068,-529581.0,300.0,FALL
2019-03-21,11400.0,11500.0,11700.0,11250.0,25237.0,1002.0,-1002.0,0.0,0.0065,-529581.0,100.0,FALL
2019-03-22,11100.0,11350.0,11400.0,10450.0,59894.0,1271.0,-1271.0,0.0,0.0062,-529581.0,300.0,FALL
2019-03-25,8670.0,11100.0,11200.0,8670.0,352813.0,-39944.0,25130.0,14814.0,0.0125,-514767.0,2430.0,FALL
2019-03-26,8320.0,8650.0,8650.0,7900.0,225135.0,-39590.0,31478.0,8112.0,0.0204,-506655.0,350.0,FALL
2019-03-27,8960.0,8370.0,9030.0,8160.0,106870.0,-2273.0,2552.0,-279.0,0.021,-506934.0,640.0,RISE
2019-03-28,8680.0,8960.0,8990.0,8400.0,58769.0,302.0,-302.0,0.0,0.0211,-506934.0,280.0,FALL
2019-03-29,8500.0,8680.0,8740.0,8200.0,59133.0,-6432.0,6432.0,0.0,0.0227,-506934.0,180.0,FALL
2019-04-01,9230.0,8840.0,9410.0,8580.0,78468.0,19048.0,2715.0,-21763.0,0.0234,-528697.0,730.0,RISE
2019-04-02,9140.0,9230.0,9420.0,8750.0,44122.0,6256.0,-6256.0,0.0,0.0218,-528697.0,90.0,FALL
2019-04-03,9390.0,9190.0,10450.0,8890.0,133128.0,8160.0,-8160.0,0.0,0.0197,-528697.0,250.0,RISE
2019-04-04,10550.0,9390.0,10550.0,9390.0,240992.0,21378.0,-19878.0,-1500.0,0.0148,-530197.0,1160.0,RISE
2019-04-05,10700.0,10500.0,10900.0,10150.0,67587.0,11745.0,-11745.0,0.0,0.0118,-530197.0,150.0,RISE
2019-04-08,10350.0,10650.0,10700.0,9970.0,64497.0,8067.0,-8567.0,500.0,0.0096,-529697.0,350.0,FALL
2019-04-09,11150.0,10200.0,11200.0,9990.0,75033.0,3074.0,-3074.0,0.0,0.0088,-529697.0,800.0,RISE
2019-04-10,11600.0,11100.0,12200.0,11100.0,109167.0,5519.0,-5519.0,0.0,0.0074,-529697.0,450.0,RISE
2019-04-11,11500.0,11550.0,12200.0,11200.0,52458.0,4565.0,-4565.0,0.0,0.0063,-529697.0,100.0,FALL
2019-04-12,10100.0,11650.0,11650.0,9910.0,332703.0,-1094.0,673.0,421.0,0.0065,-529276.0,1400.0,FALL
2019-04-15,9760.0,10000.0,10100.0,9630.0,111882.0,-1531.0,1531.0,0.0,0.0068,-529276.0,340.0,FALL
2019-04-16,9140.0,9760.0,9830.0,8900.0,103025.0,6759.0,-6759.0,0.0,0.0051,-529276.0,620.0,FALL
2019-04-17,9120.0,9160.0,9190.0,8890.0,45629.0,-2419.0,2419.0,0.0,0.0058,-529276.0,20.0,FALL
2019-04-18,8300.0,9140.0,9140.0,8230.0,115659.0,-1045.0,1045.0,0.0,0.006,-529276.0,820.0,FALL
2019-04-19,8600.0,8390.0,8830.0,8250.0,55020.0,-11066.0,10519.0,547.0,0.0087,-528729.0,300.0,RISE
2019-04-22,8710.0,8550.0,8790.0,8450.0,28203.0,-1007.0,-92.0,1099.0,0.0086,-527630.0,110.0,RISE
2019-04-23,8460.0,8710.0,8740.0,8360.0,47116.0,-3083.0,-586.0,3669.0,0.0085,-523961.0,250.0,FALL
2019-04-24,8320.0,8460.0,8600.0,8250.0,24279.0,931.0,-1080.0,149.0,0.0082,-523812.0,140.0,FALL
2019-04-25,8180.0,8310.0,8310.0,8040.0,36836.0,-880.0,869.0,11.0,0.0084,-523801.0,140.0,FALL
2019-04-26,8910.0,8180.0,8980.0,7960.0,108021.0,-7469.0,7463.0,6.0,0.0103,-523795.0,730.0,RISE
2019-04-29,9040.0,8910.0,9120.0,8680.0,42478.0,4982.0,-4982.0,0.0,0.0091,-523795.0,130.0,RISE
2019-04-30,9070.0,9020.0,9080.0,8700.0,13577.0,2252.0,-2237.0,-15.0,0.0085,-523810.0,30.0,RISE
2019-05-02,8890.0,9070.0,9190.0,8520.0,45044.0,5893.0,-5893.0,0.0,0.007,-523810.0,180.0,FALL
2019-05-03,8620.0,8950.0,8950.0,8620.0,22269.0,1193.0,-1193.0,0.0,0.0067,-523810.0,270.0,FALL
2019-05-07,8500.0,8570.0,8620.0,8350.0,9216.0,-305.0,305.0,0.0,0.0068,-523810.0,120.0,FALL
2019-05-08,8150.0,8330.0,8500.0,7710.0,30795.0,-3783.0,3283.0,500.0,0.0076,-523310.0,350.0,FALL
2019-05-09,7990.0,8220.0,8590.0,7670.0,55728.0,-3950.0,3950.0,0.0,0.0086,-523310.0,160.0,FALL
2019-05-10,7800.0,7600.0,7990.0,7340.0,72115.0,-7866.0,7866.0,0.0,0.0106,-523310.0,190.0,FALL
2019-05-13,7000.0,7800.0,7900.0,7000.0,89927.0,-5774.0,5774.0,0.0,0.012,-523310.0,800.0,FALL
2019-05-14,6980.0,6650.0,7180.0,6600.0,83630.0,-26471.0,26471.0,0.0,0.0187,-523310.0,20.0,FALL
2019-05-15,7190.0,7050.0,7390.0,6950.0,45722.0,-14849.0,14849.0,0.0,0.0224,-523310.0,210.0,RISE
2019-05-16,8980.0,7500.0,9050.0,7310.0,323554.0,16746.0,-16746.0,0.0,0.0182,-523310.0,1790.0,RISE
2019-05-17,8300.0,8900.0,8900.0,8090.0,153484.0,14983.0,-14983.0,0.0,0.0144,-523310.0,680.0,FALL
2019-05-20,8820.0,8400.0,9250.0,8340.0,218317.0,3597.0,-3597.0,0.0,0.0135,-523310.0,520.0,RISE
2019-05-21,8870.0,8800.0,9000.0,8570.0,58009.0,10154.0,-10154.0,0.0,0.011,-523310.0,50.0,RISE
2019-05-22,8700.0,8870.0,9020.0,8690.0,32332.0,2948.0,-2948.0,0.0,0.0103,-523310.0,170.0,FALL
2019-05-23,8410.0,8670.0,8800.0,8310.0,30776.0,-662.0,662.0,0.0,0.0104,-523310.0,290.0,FALL
2019-05-24,9120.0,8700.0,9190.0,8220.0,105661.0,-7578.0,7578.0,0.0,0.0123,-523310.0,710.0,RISE
2019-05-27,8710.0,9120.0,9280.0,8700.0,52880.0,9049.0,-8049.0,-1000.0,0.0103,-524310.0,410.0,FALL
2019-05-28,9570.0,8710.0,9580.0,8660.0,151085.0,-11564.0,14577.0,-3013.0,0.014,-527323.0,860.0,RISE
2019-05-29,8970.0,9570.0,9670.0,8800.0,100621.0,29689.0,-28583.0,-1106.0,0.0068,-528429.0,600.0,FALL
2019-05-30,8680.0,8860.0,8960.0,8680.0,50706.0,815.0,-1331.0,516.0,0.0065,-527913.0,290.0,FALL
2019-05-31,8630.0,8680.0,8800.0,8460.0,32383.0,-133.0,133.0,0.0,0.0065,-527913.0,50.0,FALL
2019-06-03,8100.0,8630.0,8800.0,8100.0,64446.0,2849.0,-2849.0,0.0,0.0058,-527913.0,530.0,FALL
2019-06-04,8100.0,8150.0,8390.0,8080.0,22968.0,-3581.0,3581.0,0.0,0.0067,-527913.0,0.0,EVEN
2019-06-05,8110.0,8450.0,8450.0,7920.0,31693.0,-4599.0,4599.0,0.0,0.0078,-527913.0,10.0,RISE
2019-06-07,8200.0,8110.0,8310.0,8060.0,31303.0,-6464.0,6789.0,-325.0,0.0095,-528238.0,90.0,RISE
2019-06-10,8040.0,8160.0,8190.0,7790.0,51119.0,2950.0,-1750.0,-1200.0,0.0091,-529438.0,160.0,FALL
2019-06-11,8400.0,8040.0,8420.0,7980.0,36741.0,-10603.0,13777.0,-3174.0,0.0125,-532612.0,360.0,RISE
2019-06-12,8250.0,8400.0,8600.0,8170.0,16341.0,3996.0,-3996.0,0.0,0.0115,-532612.0,150.0,FALL
2019-06-13,8200.0,8250.0,8280.0,7980.0,33488.0,-2927.0,2927.0,0.0,0.0123,-532612.0,50.0,FALL
2019-06-14,8420.0,8290.0,8520.0,8220.0,32344.0,-1427.0,1427.0,0.0,0.0126,-532612.0,220.0,RISE
2019-06-17,8440.0,8420.0,8630.0,8290.0,45690.0,-7072.0,7072.0,0.0,0.0144,-532612.0,20.0,RISE
2019-06-18,9090.0,8460.0,9190.0,8460.0,109033.0,-21839.0,21839.0,0.0,0.0199,-532612.0,650.0,RISE
2019-06-19,8860.0,9110.0,9300.0,8700.0,69373.0,11040.0,-11040.0,0.0,0.0171,-532612.0,230.0,FALL
2019-06-20,10200.0,8860.0,10250.0,8860.0,413769.0,-41812.0,20443.0,21369.0,0.0222,-511243.0,1340.0,RISE
2019-06-21,10500.0,10200.0,10900.0,10100.0,155806.0,22344.0,-22344.0,0.0,0.0166,-511243.0,300.0,RISE
2019-06-24,9500.0,10350.0,10350.0,9320.0,99950.0,15705.0,-15705.0,0.0,0.0127,-511243.0,1000.0,FALL
2019-06-25,8750.0,9480.0,9500.0,8670.0,95723.0,-2979.0,2254.0,725.0,0.0133,-510518.0,750.0,FALL
2019-06-26,8980.0,8740.0,9370.0,8720.0,91837.0,-8020.0,8156.0,-136.0,0.0153,-510654.0,230.0,RISE
2019-06-27,8030.0,8980.0,8980.0,7730.0,198020.0,21878.0,-18059.0,-3819.0,0.0108,-514473.0,950.0,FALL
2019-06-28,7910.0,8030.0,8090.0,7400.0,95051.0,11965.0,-2024.0,-9941.0,0.0108,-524414.0,120.0,FALL
2019-07-01,7960.0,7900.0,8150.0,7800.0,42522.0,193.0,-193.0,0.0,0.0107,-524414.0,50.0,RISE
2019-07-02,7970.0,7970.0,8090.0,7950.0,34551.0,6228.0,2137.0,-8365.0,0.0113,-532779.0,10.0,RISE
2019-07-03,7890.0,7970.0,8140.0,7850.0,27209.0,-1607.0,1607.0,0.0,0.0117,-532779.0,80.0,FALL
2019-07-04,7980.0,7890.0,8110.0,7830.0,19383.0,-2793.0,2793.0,0.0,0.0124,-532779.0,90.0,RISE
2019-07-05,8240.0,8040.0,8240.0,8040.0,31422.0,-6600.0,5600.0,1000.0,0.0138,-531779.0,260.0,RISE
2019-07-08,7960.0,8240.0,8340.0,7850.0,22968.0,4731.0,-4731.0,0.0,0.0126,-531779.0,280.0,FALL
2019-07-09,7550.0,7800.0,7960.0,7550.0,29072.0,-1959.0,1959.0,0.0,0.0131,-531779.0,410.0,FALL
2019-07-10,7450.0,7450.0,7770.0,7400.0,31106.0,-4063.0,4063.0,0.0,0.0141,-531779.0,100.0,FALL
2019-07-11,7750.0,7460.0,7880.0,7460.0,26223.0,-5752.0,5752.0,0.0,0.0155,-531779.0,300.0,RISE
2019-07-12,8020.0,7740.0,8040.0,7740.0,22618.0,-2103.0,2103.0,0.0,0.0161,-531779.0,270.0,RISE
2019-07-15,7760.0,8020.0,8290.0,7760.0,23937.0,1049.0,-1049.0,0.0,0.0158,-531779.0,260.0,FALL
2019-07-16,7730.0,7760.0,7830.0,7600.0,22088.0,-1761.0,1761.0,0.0,0.0162,-531779.0,30.0,FALL
2019-07-17,7680.0,7650.0,7810.0,7440.0,34792.0,-1472.0,1539.0,-67.0,0.0166,-531846.0,50.0,FALL
2019-07-18,7500.0,7670.0,7670.0,7430.0,14042.0,-159.0,159.0,0.0,0.0167,-531846.0,180.0,FALL
2019-07-19,7500.0,7500.0,7600.0,7350.0,41746.0,-6102.0,6102.0,0.0,0.018,-531846.0,0.0,EVEN
2019-07-22,7400.0,7500.0,7600.0,7320.0,8310.0,-511.0,511.0,0.0,0.0181,-531846.0,100.0,FALL
2019-07-23,7080.0,7400.0,7530.0,7000.0,22247.0,2530.0,-2530.0,0.0,0.0175,-531846.0,320.0,FALL
2019-07-24,7200.0,7080.0,7350.0,7080.0,56100.0,-5244.0,5244.0,0.0,0.0188,-531846.0,120.0,RISE
2019-07-25,7110.0,7200.0,7200.0,6930.0,19659.0,2648.0,-2648.0,0.0,0.0181,-531846.0,90.0,FALL
2019-07-26,7060.0,7110.0,7350.0,6840.0,24686.0,4937.0,-4937.0,0.0,0.0169,-531846.0,50.0,FALL
2019-07-29,6850.0,6830.0,7000.0,6510.0,71173.0,-579.0,626.0,-47.0,0.0171,-531893.0,210.0,FALL
2019-07-30,6750.0,6850.0,7150.0,6500.0,22377.0,513.0,-514.0,1.0,0.0169,-531892.0,100.0,FALL
2019-07-31,6720.0,6750.0,6880.0,6400.0,20519.0,-1338.0,1338.0,0.0,0.0173,-531892.0,30.0,FALL
2019-08-01,6700.0,6720.0,6940.0,6490.0,18528.0,426.0,574.0,-1000.0,0.0174,-532892.0,20.0,FALL
2019-08-02,6850.0,6590.0,6980.0,6410.0,16944.0,-2061.0,2061.0,0.0,0.0179,-532892.0,150.0,RISE
2019-08-05,6600.0,6850.0,7090.0,6300.0,25208.0,944.0,-944.0,0.0,0.0177,-532892.0,250.0,FALL
2019-08-06,5490.0,6140.0,6600.0,5180.0,171569.0,-14377.0,14376.0,1.0,0.0212,-532891.0,1110.0,FALL
2019-08-07,5320.0,5500.0,5700.0,5270.0,62218.0,-5085.0,5085.0,0.0,0.0225,-532891.0,170.0,FALL
2019-08-08,5640.0,5360.0,5690.0,5360.0,35597.0,-16392.0,16392.0,0.0,0.0266,-532891.0,320.0,RISE
2019-08-09,5920.0,5680.0,5960.0,5670.0,12554.0,-471.0,471.0,0.0,0.0267,-532891.0,280.0,RISE
2019-08-12,6050.0,5920.0,6100.0,5760.0,17646.0,-2220.0,2220.0,0.0,0.0273,-532891.0,130.0,RISE
2019-08-13,6250.0,6050.0,6350.0,6050.0,20868.0,1490.0,-1490.0,0.0,0.0269,-532891.0,200.0,RISE
2019-08-14,6330.0,6250.0,6510.0,6190.0,15412.0,3699.0,-3699.0,0.0,0.026,-532891.0,80.0,RISE
2019-08-16,6440.0,6330.0,6800.0,6330.0,43973.0,10589.0,-10589.0,0.0,0.0233,-532891.0,110.0,RISE
2019-08-19,6650.0,6450.0,6720.0,6450.0,32151.0,-8100.0,1914.0,6186.0,0.0238,-526705.0,210.0,RISE
2019-08-20,6750.0,6750.0,6830.0,6530.0,12439.0,-1891.0,810.0,1081.0,0.024,-525624.0,100.0,RISE
2019-08-21,6770.0,6760.0,6930.0,6750.0,11726.0,-2919.0,1194.0,1725.0,0.0243,-523899.0,20.0,RISE
2019-08-22,7120.0,6860.0,7180.0,6830.0,27078.0,-1676.0,1422.0,254.0,0.0247,-523645.0,350.0,RISE
2019-08-23,6700.0,7100.0,7100.0,6700.0,47273.0,3068.0,-3435.0,367.0,0.0238,-523278.0,420.0,FALL
2019-08-26,6800.0,6630.0,6860.0,6460.0,22209.0,915.0,-915.0,0.0,0.0236,-523278.0,100.0,RISE
2019-08-27,6720.0,6800.0,6920.0,6630.0,12063.0,3429.0,-3429.0,0.0,0.0227,-523278.0,80.0,FALL
2019-08-28,6550.0,6800.0,6800.0,6480.0,14192.0,1330.0,-1330.0,0.0,0.0224,-523278.0,170.0,FALL
2019-08-29,6940.0,6550.0,7330.0,6550.0,92942.0,5309.0,-5309.0,0.0,0.0211,-523278.0,390.0,RISE
2019-08-30,8300.0,6890.0,8300.0,6890.0,264880.0,-249.0,249.0,0.0,0.0211,-523278.0,1360.0,RISE
2019-09-02,7930.0,8300.0,8360.0,7690.0,84829.0,4148.0,-4148.0,0.0,0.0201,-523278.0,370.0,FALL
2019-09-03,7760.0,7900.0,8140.0,7570.0,41531.0,4981.0,-4981.0,0.0,0.0188,-523278.0,170.0,FALL
2019-09-04,7810.0,7760.0,8100.0,7610.0,22489.0,4783.0,-4783.0,0.0,0.0176,-523278.0,50.0,RISE
2019-09-05,8130.0,7810.0,8300.0,7800.0,38776.0,-1640.0,1640.0,0.0,0.018,-523278.0,320.0,RISE
2019-09-06,8020.0,8320.0,8320.0,7990.0,30936.0,2693.0,-2693.0,0.0,0.0174,-523278.0,110.0,FALL
2019-09-09,7910.0,8020.0,8150.0,7910.0,27916.0,-789.0,789.0,0.0,0.0176,-523278.0,110.0,FALL
2019-09-10,7770.0,7910.0,7910.0,7660.0,10583.0,403.0,-403.0,0.0,0.0175,-523278.0,140.0,FALL
2019-09-11,7800.0,7770.0,7910.0,7560.0,20734.0,-2985.0,2985.0,0.0,0.0182,-523278.0,30.0,RISE
2019-09-16,8130.0,7800.0,8300.0,7800.0,15428.0,-355.0,355.0,0.0,0.0186,-523278.0,330.0,RISE
2019-09-17,7800.0,8090.0,8130.0,7730.0,50362.0,-2255.0,2255.0,0.0,0.0191,-523278.0,330.0,FALL
2019-09-18,7780.0,7800.0,7990.0,7650.0,16669.0,-606.0,606.0,0.0,0.0193,-523278.0,20.0,FALL
2019-09-19,7850.0,7770.0,8000.0,7710.0,18202.0,-3504.0,3504.0,0.0,0.0201,-523278.0,70.0,RISE
2019-09-20,7900.0,7770.0,8040.0,7770.0,8851.0,704.0,-704.0,0.0,0.02,-523278.0,50.0,RISE
2019-09-23,7800.0,7900.0,7900.0,7680.0,19208.0,800.0,-800.0,0.0,0.0198,-523278.0,100.0,FALL
2019-09-24,7510.0,7800.0,7800.0,7480.0,15967.0,333.0,10.0,-343.0,0.0195,-523621.0,290.0,FALL
2019-09-25,7350.0,7500.0,7500.0,7220.0,15645.0,2132.0,-2132.0,0.0,0.019,-523621.0,160.0,FALL
2019-09-26,7470.0,7250.0,7600.0,7250.0,13699.0,-2390.0,2390.0,0.0,0.0196,-523621.0,120.0,RISE
2019-09-27,7220.0,7470.0,7470.0,7220.0,7628.0,949.0,-949.0,0.0,0.0193,-523621.0,250.0,FALL
2019-09-30,7030.0,7110.0,7210.0,6860.0,9209.0,291.0,-290.0,-1.0,0.0193,-523622.0,190.0,FALL
2019-10-01,6810.0,6970.0,7100.0,6780.0,13844.0,-2140.0,2140.0,0.0,0.0198,-523622.0,220.0,FALL
2019-10-02,6600.0,6810.0,6910.0,6600.0,26907.0,-1793.0,1793.0,0.0,0.0202,-523622.0,210.0,FALL
2019-10-04,6460.0,6600.0,6900.0,6390.0,22831.0,688.0,-688.0,0.0,0.0201,-523622.0,140.0,FALL
2019-10-07,6500.0,6450.0,6640.0,6400.0,23739.0,-5764.0,5764.0,0.0,0.0215,-523622.0,40.0,RISE
2019-10-08,6890.0,6500.0,6900.0,6490.0,11109.0,1967.0,-1967.0,0.0,0.021,-523622.0,390.0,RISE
2019-10-10,6880.0,6820.0,6950.0,6650.0,7022.0,-324.0,324.0,0.0,0.0211,-523622.0,10.0,FALL
2019-10-11,6780.0,6650.0,6860.0,6600.0,16799.0,1761.0,-1761.0,0.0,0.0207,-523622.0,100.0,FALL
2019-10-14,6770.0,6780.0,6890.0,6670.0,8858.0,-921.0,921.0,0.0,0.0209,-523622.0,10.0,FALL
2019-10-15,6770.0,6700.0,6880.0,6680.0,19960.0,-2788.0,2788.0,0.0,0.0216,-523622.0,0.0,EVEN
2019-10-16,6900.0,6770.0,6940.0,6760.0,8156.0,-991.0,991.0,0.0,0.0218,-523622.0,130.0,RISE
2019-10-17,7090.0,6900.0,7130.0,6900.0,10461.0,354.0,-354.0,0.0,0.0218,-523622.0,190.0,RISE
2019-10-18,6970.0,7000.0,7120.0,6820.0,7689.0,2006.0,-2006.0,0.0,0.0212,-523622.0,120.0,FALL
2019-10-21,6920.0,6970.0,7000.0,6900.0,6726.0,14.0,-14.0,0.0,0.0212,-523622.0,50.0,FALL
2019-10-22,6840.0,6960.0,7060.0,6810.0,12143.0,1575.0,-1575.0,0.0,0.0209,-523622.0,80.0,FALL
2019-10-23,6860.0,6710.0,6960.0,6710.0,9108.0,2005.0,-2005.0,0.0,0.0203,-523622.0,20.0,RISE
2019-10-24,6750.0,6820.0,6860.0,6720.0,16309.0,380.0,-380.0,0.0,0.0203,-523622.0,110.0,FALL
2019-10-25,6760.0,6750.0,6830.0,6700.0,3965.0,768.0,-768.0,0.0,0.0201,-523622.0,10.0,RISE
2019-10-28,6620.0,6700.0,6760.0,6540.0,13986.0,1760.0,-1760.0,0.0,0.0196,-523622.0,140.0,FALL
2019-10-29,6650.0,6620.0,6720.0,6520.0,9362.0,518.0,-518.0,0.0,0.0195,-523622.0,30.0,RISE
2019-10-30,6540.0,6650.0,6650.0,6480.0,8279.0,3321.0,-3321.0,0.0,0.0187,-523622.0,110.0,FALL
2019-10-31,6330.0,6550.0,6640.0,6300.0,26003.0,1160.0,-1160.0,0.0,0.0184,-523622.0,210.0,FALL
2019-11-01,6330.0,6310.0,6540.0,6210.0,28924.0,1427.0,-1426.0,-1.0,0.018,-523623.0,0.0,EVEN
2019-11-04,6680.0,6330.0,6680.0,6330.0,13987.0,806.0,-806.0,0.0,0.0178,-523623.0,350.0,RISE
2019-11-05,6800.0,6680.0,6870.0,6650.0,21485.0,-979.0,979.0,0.0,0.0181,-523623.0,120.0,RISE
2019-11-06,6840.0,6810.0,6940.0,6810.0,11873.0,-1460.0,1460.0,0.0,0.0184,-523623.0,40.0,RISE
2019-11-07,6880.0,6840.0,6960.0,6770.0,8880.0,-190.0,-389.0,579.0,0.0183,-523044.0,40.0,RISE
2019-11-08,6680.0,6900.0,7140.0,6540.0,56449.0,-784.0,-700.0,1484.0,0.0181,-521560.0,200.0,FALL
2019-11-11,6770.0,6680.0,6840.0,6660.0,25841.0,-1105.0,1105.0,0.0,0.0184,-521560.0,90.0,RISE
2019-11-12,6950.0,6770.0,6950.0,6770.0,14884.0,-699.0,699.0,0.0,0.0186,-521560.0,180.0,RISE
2019-11-13,6980.0,6980.0,7330.0,6880.0,22654.0,208.0,-208.0,0.0,0.0185,-521560.0,30.0,RISE
2019-11-14,6830.0,6980.0,6990.0,6670.0,19885.0,328.0,-328.0,0.0,0.0185,-521560.0,150.0,FALL
2019-11-15,6800.0,6830.0,6870.0,6600.0,11099.0,-1099.0,1099.0,0.0,0.0187,-521560.0,30.0,FALL
2019-11-18,6770.0,6800.0,6840.0,6630.0,27347.0,-2656.0,1362.0,1294.0,0.0191,-520266.0,30.0,FALL
2019-11-19,7080.0,6770.0,7190.0,6650.0,35320.0,-2080.0,-8.0,2088.0,0.0191,-518178.0,310.0,RISE
2019-11-20,6930.0,7080.0,7160.0,6800.0,22863.0,479.0,-817.0,338.0,0.0189,-517840.0,150.0,FALL
2019-11-21,6770.0,6930.0,6990.0,6640.0,15549.0,1654.0,-1818.0,164.0,0.0184,-517676.0,160.0,FALL
2019-11-22,6690.0,6770.0,6770.0,6440.0,24684.0,41.0,-129.0,88.0,0.0184,-517588.0,80.0,FALL
2019-11-25,6740.0,6730.0,6800.0,6560.0,25162.0,-485.0,413.0,72.0,0.0185,-517516.0,50.0,RISE
2019-11-26,6820.0,6740.0,6840.0,6740.0,14491.0,-6971.0,6392.0,579.0,0.0201,-516937.0,80.0,RISE
2019-11-27,6820.0,6820.0,6930.0,6750.0,27465.0,-3416.0,3116.0,300.0,0.0209,-516637.0,0.0,EVEN
2019-11-28,6900.0,6820.0,6900.0,6750.0,17418.0,-4079.0,3500.0,579.0,0.0217,-516058.0,80.0,RISE
2019-11-29,7080.0,6900.0,7280.0,6860.0,45474.0,-9234.0,9020.0,214.0,0.024,-515844.0,180.0,RISE
2019-12-02,7080.0,7080.0,7160.0,6940.0,17385.0,2618.0,-2618.0,0.0,0.0233,-515844.0,0.0,EVEN
2019-12-03,7090.0,7080.0,7090.0,6930.0,15432.0,1562.0,-2219.0,657.0,0.0228,-515187.0,10.0,RISE
2019-12-04,6940.0,7090.0,7090.0,6820.0,15633.0,3488.0,-3488.0,0.0,0.0219,-515187.0,150.0,FALL
2019-12-05,6700.0,6930.0,6930.0,6670.0,20468.0,4052.0,-4052.0,0.0,0.0209,-515187.0,240.0,FALL
2019-12-06,7290.0,6700.0,7290.0,6700.0,70671.0,-10112.0,11103.0,-991.0,0.0237,-516178.0,590.0,RISE
2019-12-09,7500.0,7330.0,7620.0,7330.0,58317.0,-5264.0,5264.0,0.0,0.025,-516178.0,210.0,RISE
2019-12-10,7500.0,7500.0,7580.0,7420.0,11082.0,725.0,-725.0,0.0,0.0248,-516178.0,0.0,EVEN
2019-12-11,7850.0,7500.0,7980.0,7460.0,48110.0,-632.0,632.0,0.0,0.025,-516178.0,350.0,RISE
2019-12-12,8100.0,7850.0,8250.0,7800.0,66633.0,-8566.0,8566.0,0.0,0.0271,-516178.0,250.0,RISE
2019-12-13,8710.0,8110.0,8920.0,8110.0,176143.0,-12726.0,12634.0,92.0,0.0303,-516086.0,610.0,RISE
2019-12-16,8540.0,8690.0,9190.0,8540.0,129004.0,3679.0,-3679.0,0.0,0.0294,-516086.0,170.0,FALL
2019-12-17,8550.0,8530.0,8700.0,8070.0,97223.0,2375.0,-2375.0,0.0,0.0288,-516086.0,10.0,RISE
2019-12-18,8260.0,8490.0,8490.0,8210.0,29429.0,-946.0,946.0,0.0,0.029,-516086.0,290.0,FALL
2019-12-19,8190.0,8240.0,8280.0,8090.0,29047.0,-5679.0,5679.0,0.0,0.0304,-516086.0,70.0,FALL
2019-12-20,8140.0,8190.0,8190.0,7970.0,23437.0,-2851.0,2851.0,0.0,0.0311,-516086.0,50.0,FALL
2019-12-23,7850.0,8140.0,8140.0,7680.0,51088.0,-3396.0,3396.0,0.0,0.032,-516086.0,290.0,FALL
2019-12-24,8000.0,7840.0,8070.0,7730.0,28521.0,-237.0,-1682.0,1919.0,0.0316,-514167.0,150.0,RISE
2019-12-26,8000.0,8000.0,8230.0,7850.0,32314.0,-598.0,-1284.0,1882.0,0.0313,-512285.0,0.0,EVEN
2019-12-27,8210.0,8000.0,8240.0,7980.0,19214.0,-1766.0,1766.0,0.0,0.0317,-512285.0,210.0,RISE
2019-12-30,9130.0,8210.0,10600.0,8150.0,229165.0,2009.0,-2165.0,156.0,0.0312,-512129.0,920.0,RISE
2020-01-02,10450.0,9350.0,10900.0,9350.0,434586.0,-10210.0,10594.0,-384.0,0.0338,-512513.0,1320.0,RISE
2020-01-03,9270.0,10300.0,10450.0,9080.0,261536.0,17291.0,-17291.0,0.0,0.0295,-512513.0,1180.0,FALL
2020-01-06,8710.0,9210.0,9210.0,8450.0,148318.0,7118.0,-7118.0,0.0,0.0277,-512513.0,560.0,FALL
2020-01-07,8770.0,8710.0,8800.0,8550.0,36032.0,1658.0,-1658.0,0.0,0.0273,-512513.0,60.0,RISE
2020-01-08,8370.0,8770.0,8770.0,7960.0,133986.0,-439.0,439.0,0.0,0.0274,-512513.0,400.0,FALL
2020-01-09,8610.0,8660.0,9350.0,8490.0,147960.0,-5811.0,5811.0,0.0,0.0288,-512513.0,240.0,RISE
2020-01-10,9110.0,8630.0,9230.0,8630.0,46034.0,-10835.0,10835.0,0.0,0.0316,-512513.0,500.0,RISE
2020-01-13,9480.0,9310.0,9700.0,9150.0,79518.0,-4113.0,3713.0,400.0,0.033,-512113.0,370.0,RISE
2020-01-14,9970.0,9480.0,10200.0,9480.0,116062.0,-12692.0,12692.0,0.0,0.0363,-512113.0,490.0,RISE
2020-01-15,10350.0,9970.0,11350.0,9750.0,156080.0,31425.0,-31425.0,0.0,0.0284,-512113.0,380.0,RISE
2020-01-16,9740.0,10350.0,10350.0,9650.0,68756.0,17495.0,-17495.0,0.0,0.0241,-512113.0,610.0,FALL
2020-01-17,9910.0,9700.0,10200.0,9670.0,48670.0,-8170.0,8170.0,0.0,0.0261,-512113.0,170.0,RISE
2020-01-20,11000.0,9920.0,11100.0,9920.0,235649.0,-25867.0,25867.0,0.0,0.0326,-512113.0,1090.0,RISE
2020-01-21,13800.0,11000.0,14200.0,11000.0,978976.0,23308.0,-23308.0,0.0,0.0268,-512113.0,2800.0,RISE
2020-01-22,14800.0,13600.0,15600.0,12950.0,607006.0,-7618.0,7612.0,6.0,0.0287,-512107.0,1000.0,RISE
2020-01-23,11700.0,14550.0,14700.0,11600.0,799157.0,32714.0,-32708.0,-6.0,0.0205,-512113.0,3100.0,FALL
2020-01-28,11850.0,11150.0,12400.0,10900.0,228606.0,-2089.0,2089.0,0.0,0.021,-512113.0,150.0,RISE
2020-01-29,12850.0,11800.0,13350.0,11700.0,264863.0,14903.0,-14903.0,0.0,0.0173,-512113.0,1000.0,RISE
2020-01-30,12950.0,12850.0,13250.0,12350.0,126220.0,11929.0,-11929.0,0.0,0.0142,-512113.0,100.0,RISE
2020-01-31,12450.0,12950.0,13150.0,12450.0,90897.0,-7559.0,7559.0,0.0,0.0161,-512113.0,500.0,FALL
2020-02-03,12400.0,12200.0,12850.0,11900.0,47630.0,-13622.0,13622.0,0.0,0.0197,-512113.0,50.0,FALL
2020-02-04,12700.0,12400.0,13200.0,12350.0,84701.0,-10186.0,10186.0,0.0,0.0222,-512113.0,300.0,RISE
2020-02-05,12650.0,12550.0,13000.0,12400.0,47764.0,-789.0,789.0,0.0,0.0224,-512113.0,50.0,FALL
2020-02-06,12850.0,12550.0,13200.0,12450.0,119709.0,-21566.0,21566.0,0.0,0.0278,-512113.0,200.0,RISE
2020-02-07,12950.0,12850.0,13000.0,12600.0,29512.0,942.0,-942.0,0.0,0.0276,-512113.0,100.0,RISE
2020-02-10,12950.0,12950.0,13100.0,12500.0,39196.0,-8244.0,7947.0,297.0,0.0296,-511816.0,0.0,EVEN
2020-02-11,12600.0,12700.0,13150.0,12400.0,57603.0,3196.0,-3196.0,0.0,0.0288,-511816.0,350.0,FALL
2020-02-12,13050.0,12550.0,13300.0,12250.0,54324.0,-14867.0,14867.0,0.0,0.0325,-511816.0,450.0,RISE
2020-02-13,13100.0,13000.0,13350.0,12750.0,48880.0,320.0,-320.0,0.0,0.0324,-511816.0,50.0,RISE
2020-02-14,13400.0,13000.0,13550.0,13000.0,66705.0,-2971.0,2677.0,294.0,0.0331,-511522.0,300.0,RISE
2020-02-17,14900.0,13650.0,15000.0,13400.0,157470.0,-15602.0,15602.0,0.0,0.037,-511522.0,1500.0,RISE
2020-02-18,14650.0,15000.0,15150.0,14500.0,93206.0,5814.0,-5814.0,0.0,0.0355,-511522.0,250.0,FALL
2020-02-19,14400.0,14700.0,14800.0,14350.0,42764.0,1652.0,-1652.0,0.0,0.0351,-511522.0,250.0,FALL
2020-02-20,13800.0,14200.0,14400.0,13800.0,38480.0,-8068.0,8068.0,0.0,0.0371,-511522.0,600.0,FALL
2020-02-21,13650.0,13800.0,13950.0,13200.0,37806.0,-13061.0,13061.0,0.0,0.0404,-511522.0,150.0,FALL
2020-02-24,12400.0,13200.0,13450.0,12350.0,67533.0,-7948.0,7948.0,0.0,0.0424,-511522.0,1250.0,FALL
2020-02-25,12750.0,12500.0,12750.0,12400.0,17921.0,-6334.0,6334.0,0.0,0.044,-511522.0,350.0,RISE
2020-02-26,12400.0,12550.0,12950.0,12100.0,30387.0,-4986.0,4986.0,0.0,0.0449,-511522.0,350.0,FALL
2020-02-27,11550.0,12400.0,12500.0,11450.0,41989.0,-5649.0,5649.0,0.0,0.0463,-511522.0,850.0,FALL
2020-02-28,11400.0,11550.0,11550.0,10550.0,88878.0,-18881.0,18881.0,0.0,0.051,-511522.0,150.0,FALL
2020-03-02,11400.0,11500.0,11500.0,10400.0,54053.0,-5814.0,5814.0,0.0,0.0525,-511522.0,0.0,EVEN
2020-03-03,11300.0,11400.0,12100.0,11200.0,41740.0,2053.0,-498.0,-1555.0,0.0523,-513077.0,100.0,FALL
2020-03-04,12250.0,11000.0,12500.0,11000.0,44427.0,-1239.0,3479.0,-2240.0,0.0532,-515317.0,950.0,RISE
2020-03-05,12400.0,12250.0,12800.0,12200.0,59154.0,8757.0,-5661.0,-3096.0,0.0518,-518413.0,150.0,RISE
2020-03-06,13200.0,12450.0,13200.0,12350.0,65561.0,-6521.0,6689.0,-168.0,0.0535,-518581.0,800.0,RISE
2020-03-09,13500.0,12800.0,14050.0,12800.0,104558.0,17203.0,-15909.0,-1294.0,0.0495,-519875.0,300.0,RISE
2020-03-10,13650.0,13200.0,13750.0,12950.0,59912.0,2533.0,-2362.0,-171.0,0.0488,-520046.0,150.0,RISE
2020-03-11,13750.0,13500.0,13800.0,13300.0,60198.0,16141.0,-12377.0,-3764.0,0.0457,-523810.0,100.0,RISE
2020-03-12,14450.0,13600.0,15250.0,13300.0,417992.0,36430.0,-35307.0,-1123.0,0.0368,-524933.0,700.0,RISE
2020-03-13,14800.0,13000.0,16150.0,10700.0,347445.0,42180.0,-42180.0,0.0,0.0263,-524933.0,350.0,RISE
2020-03-16,15450.0,15400.0,17200.0,15150.0,272857.0,7750.0,-6593.0,-1157.0,0.0246,-526090.0,650.0,RISE
2020-03-17,15950.0,14150.0,16350.0,14100.0,212019.0,20598.0,-20598.0,0.0,0.0195,-526090.0,500.0,RISE
2020-03-18,14250.0,15950.0,17700.0,14150.0,255478.0,10458.0,-10458.0,0.0,0.0168,-526090.0,1700.0,FALL
2020-03-19,12900.0,14500.0,15150.0,12000.0,182439.0,15506.0,-15506.0,0.0,0.013,-526090.0,1350.0,FALL
2020-03-20,13400.0,12950.0,14000.0,12900.0,103869.0,11130.0,-10793.0,-337.0,0.0102,-526427.0,500.0,RISE
2020-03-23,12150.0,12900.0,12900.0,11650.0,77602.0,260.0,-260.0,0.0,0.0107,-526427.0,1250.0,FALL
2020-03-24,13050.0,12050.0,13150.0,12050.0,64439.0,-77.0,77.0,0.0,0.0107,-526427.0,900.0,RISE
2020-03-25,13100.0,13500.0,14250.0,12650.0,86061.0,-1958.0,1958.0,0.0,0.0112,-526427.0,50.0,RISE
2020-03-26,13750.0,13100.0,14400.0,13000.0,73047.0,-6906.0,7033.0,-127.0,0.013,-526554.0,650.0,RISE
2020-03-27,15300.0,14400.0,15750.0,13250.0,121299.0,4459.0,-4459.0,0.0,0.0125,-526554.0,1550.0,RISE
2020-03-30,14950.0,15200.0,15950.0,14700.0,74502.0,-1199.0,1199.0,0.0,0.0128,-526554.0,350.0,FALL
2020-03-31,15050.0,15150.0,15650.0,14550.0,64164.0,-1378.0,1378.0,0.0,0.0131,-526554.0,100.0,RISE
2020-04-01,14300.0,15000.0,15350.0,13550.0,89252.0,-503.0,503.0,0.0,0.0131,-526554.0,750.0,FALL
2020-04-02,14100.0,14300.0,14500.0,13650.0,24672.0,-2850.0,2850.0,0.0,0.0138,-526554.0,200.0,FALL
2020-04-03,14700.0,14500.0,15050.0,13800.0,70726.0,-8113.0,8113.0,0.0,0.0158,-526554.0,600.0,RISE
2020-04-06,15750.0,14200.0,16100.0,14100.0,172110.0,-32403.0,32403.0,0.0,0.0239,-526554.0,1050.0,RISE
2020-04-07,18950.0,15900.0,19300.0,15900.0,414284.0,-27606.0,27606.0,0.0,0.0308,-526554.0,3200.0,RISE
2020-04-08,17400.0,19100.0,20000.0,16950.0,379048.0,7197.0,-7694.0,497.0,0.0289,-526057.0,1550.0,FALL
2020-04-16,,,,,,0.0,0.0,0.0,0.0281,-526057.0,0.0,EVEN
2020-04-28,17400.0,0.0,0.0,0.0,0.0,0.0,0.0,0.0,0.0,-526057.0,0.0,EVEN
2020-04-29,904.0,904.0,904.0,904.0,427590.0,7560.0,-10332.0,2772.0,-0.0005,-523285.0,208.0,UPPER_LIMIT
2020-05-04,1175.0,1175.0,1175.0,1175.0,26177.0,-403.0,0.0,403.0,0.0276,-522882.0,271.0,UPPER_LIMIT
2020-05-06,1165.0,1525.0,1525.0,1110.0,39404225.0,1166746.0,-93405.0,-1073341.0,0.0229,-1596223.0,10.0,FALL
2020-05-07,1130.0,1120.0,1180.0,1090.0,5844624.0,210818.0,-210821.0,3.0,0.0124,-1596220.0,35.0,FALL
2020-05-08,1125.0,1115.0,1165.0,1040.0,11771500.0,20.0,-22.0,2.0,0.0124,-1596218.0,5.0,FALL
2020-05-11,1110.0,1180.0,1200.0,1110.0,5158648.0,-2.0,0.0,2.0,0.0,-1596216.0,15.0,FALL
2020-05-12,1010.0,1100.0,1110.0,999.0,3878647.0,-2.0,0.0,2.0,0.0,-1596214.0,100.0,FALL
2020-05-13,963.0,988.0,1050.0,941.0,6688278.0,-17059.0,17056.0,3.0,0.0006,-1596211.0,47.0,FALL
2020-05-14,850.0,941.0,950.0,847.0,7587952.0,16878.0,-16874.0,-4.0,0.0088,-1596215.0,113.0,FALL
2020-05-15,737.0,853.0,858.0,705.0,9345373.0,501350.0,-501347.0,-3.0,0.0,-1596218.0,113.0,FALL
2020-05-18,790.0,737.0,844.0,709.0,11803445.0,-2098.0,2100.0,-2.0,0.0,-1596220.0,53.0,RISE
2020-05-19,553.0,553.0,589.0,553.0,56570920.0,4266079.0,-51239.0,-4214840.0,-0.0003,-5811060.0,237.0,LOWER_LIMIT
2020-05-20,556.0,530.0,605.0,520.0,94243628.0,1624124.0,-1624121.0,-3.0,-0.0118,-5811063.0,3.0,RISE
2020-05-21,549.0,551.0,552.0,529.0,25793729.0,124491.0,-124490.0,-1.0,-0.0127,-5811064.0,7.0,FALL
2020-05-22,519.0,543.0,545.0,511.0,18849400.0,,,,,,,
